frame,raw_num_people,anomaly,track_id,conf_ok,boundary_ok,overlap_ok,conf_ls,conf_rs,conf_lw,conf_rw,ls_x,ls_y,rs_x,rs_y,lw_x,lw_y,rw_x,rw_y,shoulder_dist,wrist_dist,ratio,frontal,hands_now,consecutive_frames,confirmed
0,3,1,0,1,1,1,0.9873,0.9849,0.9082,0.895,928.5,349.5,786.0,342.5,889.0,409.5,831.0,403.0,142.6718,58.3631,0.4091,1,1,1,0
0,3,1,1,1,1,1,0.9907,0.9888,0.9292,0.9053,704.0,280.5,566.5,273.0,641.0,288.5,596.0,281.5,137.7044,45.5412,0.3307,1,1,1,0
0,3,1,2,0,0,1,0.1194,0.1733,0.0828,0.0883,1086.0,0.0,293.75,0.0,957.0,0.0,327.75,0.0,792.25,629.25,0.7943,1,0,0,0
1,2,0,0,1,1,1,0.9883,0.9858,0.9175,0.9019,927.5,352.0,791.0,345.0,888.5,410.0,830.5,404.0,136.6794,58.3095,0.4266,1,1,2,0
1,2,0,1,1,1,1,0.9917,0.9868,0.9272,0.9009,707.5,279.0,565.0,279.0,637.5,282.5,588.5,291.5,142.5,49.8197,0.3496,1,1,2,0
2,2,0,0,1,1,1,0.9902,0.9839,0.9233,0.8872,924.5,350.0,789.5,341.5,887.5,409.0,830.5,403.0,135.2673,57.3149,0.4237,1,1,3,0
2,2,0,1,1,1,1,0.9907,0.9878,0.9238,0.9082,706.5,279.0,565.5,278.5,636.5,282.5,597.5,282.5,141.0009,39.0,0.2766,1,1,3,0
3,3,1,0,1,1,1,0.9878,0.9839,0.9092,0.8896,927.5,350.0,787.0,342.5,888.5,418.0,831.0,404.0,140.7,59.1798,0.4206,1,1,4,0
3,3,1,1,1,1,1,0.9927,0.9849,0.937,0.8853,709.0,283.5,570.0,282.5,636.0,286.5,587.0,282.5,139.0036,49.163,0.3537,1,1,4,0
3,3,1,3,0,0,1,0.1353,0.1432,0.0637,0.0542,1024.0,0.0,237.75,0.0,926.0,0.0,276.0,0.0,786.25,650.0,0.8267,1,0,0,0
4,3,1,0,1,1,1,0.9873,0.9854,0.9121,0.9019,928.0,354.5,788.5,348.0,888.5,409.0,831.0,403.5,139.6514,57.7624,0.4136,1,1,5,0
4,3,1,1,1,1,1,0.9902,0.9878,0.9292,0.9028,704.5,284.5,568.0,283.0,640.0,281.5,595.5,291.0,136.5082,45.5027,0.3333,1,1,5,0
4,3,1,3,0,0,1,0.0933,0.1387,0.0599,0.0673,1088.0,0.0,304.75,0.0,934.5,0.0,336.5,0.0,783.25,598.0,0.7635,1,0,0,0
5,3,1,0,1,1,1,0.9883,0.9844,0.917,0.8984,927.5,355.0,787.0,348.0,888.5,409.5,831.0,404.0,140.6743,57.7624,0.4106,1,1,6,1
5,3,1,1,1,1,1,0.9927,0.9834,0.9438,0.8892,712.5,284.0,571.5,280.0,634.5,286.5,595.5,283.5,141.0567,39.1152,0.2773,1,1,6,1
5,3,1,3,0,0,1,0.1431,0.1779,0.0561,0.0587,1023.0,0.0,240.5,0.0,945.0,0.0,259.5,0.0,782.5,685.5,0.876,1,0,0,0
6,3,1,0,1,1,1,0.9888,0.9858,0.9146,0.897,928.0,358.0,785.0,347.0,889.0,418.5,831.0,404.0,143.4225,59.785,0.4168,1,1,7,1
6,3,1,1,1,1,1,0.9927,0.9873,0.9463,0.9009,710.0,280.0,565.0,279.0,639.5,288.0,594.0,286.0,145.0034,45.5439,0.3141,1,1,7,1
6,3,1,3,0,0,1,0.1278,0.1604,0.0641,0.0703,1017.5,0.0,233.5,0.0,930.0,0.0,268.0,0.0,784.0,662.0,0.8444,1,0,0,0
7,2,0,0,1,1,1,0.9883,0.9829,0.918,0.8867,924.0,358.5,789.5,347.5,887.5,419.0,830.5,404.0,134.9491,58.9406,0.4368,1,1,8,1
7,2,0,1,1,1,1,0.9922,0.9863,0.9351,0.9043,706.0,283.0,566.5,282.0,636.0,282.0,597.5,283.0,139.5036,38.513,0.2761,1,1,8,1
8,3,1,0,1,1,1,0.9893,0.9829,0.9238,0.8867,927.5,352.0,790.5,345.0,888.0,419.0,821.0,403.5,137.1787,68.7695,0.5013,1,0,0,0
8,3,1,1,1,1,1,0.9907,0.9854,0.9302,0.9028,707.0,283.0,566.0,282.0,636.0,282.5,597.5,283.0,141.0035,38.5032,0.2731,1,1,9,1
8,3,1,4,0,0,1,0.1255,0.1639,0.0545,0.0507,1107.0,0.0,304.75,0.0,970.0,0.0,306.0,0.0,802.25,664.0,0.8277,1,0,0,0
9,2,0,0,1,1,1,0.9893,0.9839,0.9204,0.8916,929.5,358.5,783.0,346.5,878.0,417.5,821.5,403.0,146.9906,58.331,0.3968,1,1,1,0
9,2,0,1,1,1,1,0.9917,0.9868,0.9326,0.9023,707.0,283.5,567.0,282.5,636.5,283.0,597.5,283.0,140.0036,39.0,0.2786,1,1,10,1
10,3,1,0,1,1,1,0.9893,0.9839,0.918,0.8882,932.5,357.5,785.5,348.0,888.0,409.5,830.5,403.5,147.3067,57.8122,0.3925,1,1,2,0
10,3,1,1,1,1,1,0.9917,0.9858,0.9419,0.8931,705.0,283.5,567.0,287.0,640.0,280.5,595.0,282.0,138.0444,45.025,0.3262,1,1,11,1
10,3,1,5,0,0,1,0.1257,0.1528,0.0592,0.0539,1088.0,0.0,302.0,0.0,954.0,0.0,310.25,0.0,786.0,643.75,0.819,1,0,0,0
11,2,0,0,1,1,1,0.9878,0.9854,0.9102,0.897,928.5,355.0,784.5,348.0,878.0,409.5,821.0,402.0,144.17,57.4913,0.3988,1,1,3,0
11,2,0,1,1,1,1,0.9907,0.9878,0.936,0.9053,704.0,284.0,568.5,282.5,640.0,280.5,595.5,281.5,135.5083,44.5112,0.3285,1,1,12,1
12,3,1,0,1,1,1,0.9878,0.9839,0.9048,0.8804,930.5,347.5,785.0,339.5,886.5,419.0,830.5,404.0,145.7198,57.9741,0.3978,1,1,4,0
12,3,1,1,1,1,1,0.9917,0.9863,0.9351,0.9043,712.5,283.5,566.0,282.5,635.5,287.0,596.0,292.0,146.5034,39.8152,0.2718,1,1,13,1
12,3,1,6,0,0,1,0.1082,0.1464,0.0624,0.0608,1098.0,0.0,310.5,0.0,916.5,0.0,333.0,0.0,787.5,583.5,0.741,1,0,0,0
13,2,0,0,1,1,1,0.9888,0.9839,0.918,0.8877,924.5,355.5,790.0,348.0,887.0,419.0,830.0,403.5,134.7089,59.0699,0.4385,1,1,5,0
13,2,0,1,1,1,1,0.9922,0.9849,0.9365,0.8965,705.5,285.0,566.5,285.0,637.0,282.5,597.0,282.5,139.0,40.0,0.2878,1,1,14,1
14,3,1,0,1,1,1,0.9883,0.9844,0.9121,0.8892,925.5,355.5,783.5,344.0,871.5,418.5,830.5,403.5,142.4649,43.6578,0.3064,1,1,6,1
14,3,1,1,1,1,1,0.9922,0.9858,0.937,0.8979,706.0,283.0,566.5,282.0,637.0,283.0,597.5,292.0,139.5036,40.5123,0.2904,1,1,15,1
14,3,1,7,0,0,1,0.0998,0.1462,0.0471,0.0552,1088.0,0.0,301.25,0.0,973.0,0.0,310.25,0.0,786.75,662.75,0.8424,1,0,0,0
15,3,1,0,1,1,1,0.9883,0.9844,0.9131,0.8906,926.5,358.0,783.5,347.0,879.5,418.0,831.0,403.0,143.4225,50.7666,0.354,1,1,7,1
15,3,1,1,1,1,1,0.9922,0.9863,0.9365,0.8984,707.0,284.0,567.0,282.5,636.5,287.0,597.0,283.5,140.008,39.6548,0.2832,1,1,16,1
15,3,1,7,0,0,1,0.1254,0.151,0.0478,0.0503,1038.0,0.0,244.0,0.0,913.0,0.0,282.75,0.0,794.0,630.25,0.7938,1,0,0,0
16,3,1,0,1,1,1,0.9888,0.9829,0.9165,0.8818,927.0,358.0,787.0,346.5,888.0,418.5,830.0,403.0,140.4715,60.0354,0.4274,1,1,8,1
16,3,1,1,1,1,1,0.9917,0.9883,0.9355,0.9023,709.0,277.0,560.5,277.0,639.5,281.0,596.5,291.5,148.5,44.2634,0.2981,1,1,17,1
16,3,1,7,0,0,1,0.0925,0.1296,0.0466,0.0544,1016.0,0.0,247.75,0.0,935.0,0.0,268.25,0.0,768.25,666.75,0.8679,1,0,0,0
17,3,1,0,1,1,1,0.9893,0.9819,0.9204,0.876,931.5,358.5,782.5,347.0,870.0,418.0,830.0,403.0,149.4431,42.72,0.2859,1,1,9,1
17,3,1,1,1,1,1,0.9922,0.9868,0.9351,0.9058,707.0,283.0,566.5,282.0,636.5,282.5,588.0,282.0,140.5036,48.5026,0.3452,1,1,18,1
17,3,1,7,0,0,1,0.0986,0.1472,0.0351,0.0417,1113.0,0.0,308.5,0.0,938.0,0.0,338.25,0.0,804.5,599.75,0.7455,1,0,0,0
18,3,1,0,1,1,1,0.9893,0.9849,0.9209,0.895,929.0,356.0,784.5,347.5,869.5,418.5,830.0,403.5,144.7498,42.2522,0.2919,1,1,10,1
18,3,1,1,1,1,1,0.9912,0.9883,0.9355,0.9038,708.5,277.0,565.0,278.0,639.0,281.5,595.5,292.0,143.5035,44.7493,0.3118,1,1,19,1
18,3,1,7,0,0,1,0.1138,0.1566,0.053,0.0561,1102.0,0.0,297.0,0.0,978.0,0.0,319.0,0.0,805.0,659.0,0.8186,1,0,0,0
19,2,0,0,1,1,1,0.9883,0.9829,0.917,0.8828,926.0,356.0,783.0,347.5,871.0,419.0,821.0,402.5,143.2524,52.6522,0.3675,1,1,11,1
19,2,0,1,1,1,1,0.9922,0.9858,0.9355,0.8965,707.5,283.0,568.0,282.0,636.5,283.0,588.5,282.0,139.5036,48.0104,0.3442,1,1,20,1
20,2,0,0,1,1,1,0.9897,0.9829,0.9214,0.8799,929.5,356.0,788.0,347.5,869.5,418.5,829.0,403.5,141.7551,43.1885,0.3047,1,1,12,1
20,2,0,1,1,1,1,0.9907,0.9863,0.9346,0.8994,701.0,280.0,564.0,280.0,640.5,291.0,596.5,284.5,137.0,44.4775,0.3247,1,1,21,1
21,3,1,0,1,1,1,0.9897,0.9829,0.9277,0.8838,925.0,352.5,789.5,344.5,870.0,419.0,820.5,403.0,135.736,52.0216,0.3833,1,1,13,1
21,3,1,1,1,1,1,0.9902,0.9873,0.9287,0.9004,704.0,278.0,566.0,280.5,639.5,291.0,596.0,293.0,138.0226,43.546,0.3155,1,1,22,1
21,3,1,8,0,0,1,0.0916,0.126,0.0491,0.0557,1030.0,0.0,247.0,0.0,944.0,0.0,275.0,0.0,783.0,669.0,0.8544,1,0,0,0
22,3,1,0,1,1,1,0.9897,0.9858,0.9199,0.894,929.0,358.5,787.0,346.5,870.0,418.0,820.5,403.0,142.5061,51.7228,0.363,1,1,14,1
22,3,1,1,1,1,1,0.9912,0.9863,0.938,0.896,706.5,280.0,566.0,278.0,638.5,291.0,596.0,293.0,140.5142,42.547,0.3028,1,1,23,1
22,3,1,8,0,0,1,0.1116,0.118,0.0562,0.0487,1019.0,0.0,228.75,0.0,882.5,0.0,285.25,0.0,790.25,597.25,0.7558,1,0,0,0
23,3,1,0,1,1,1,0.9878,0.9849,0.9155,0.8901,922.0,353.5,785.5,346.0,868.0,413.5,822.0,411.5,136.7059,46.0435,0.3368,1,1,15,1
23,3,1,1,1,1,1,0.9917,0.9854,0.9336,0.8984,704.5,285.0,565.0,284.0,637.0,283.5,589.0,292.0,139.5036,48.7468,0.3494,1,1,24,1
23,3,1,8,0,0,1,0.0984,0.1214,0.0532,0.0554,1025.0,0.0,247.5,0.0,933.0,0.0,266.25,0.0,777.5,666.75,0.8576,1,0,0,0
24,3,1,0,1,1,1,0.9893,0.9858,0.9146,0.896,931.5,358.0,787.0,349.5,869.5,418.0,820.5,403.0,144.7498,51.2445,0.354,1,1,16,1
24,3,1,1,1,1,1,0.9912,0.9858,0.9336,0.9014,706.0,284.0,567.5,282.5,635.5,291.5,588.5,283.5,138.5081,47.676,0.3442,1,1,25,1
24,3,1,8,0,0,1,0.1163,0.142,0.0536,0.0468,1100.0,0.0,302.0,0.0,927.0,0.0,307.5,0.0,798.0,619.5,0.7763,1,0,0,0
25,3,1,0,1,1,1,0.9897,0.9849,0.9194,0.8931,926.5,353.5,791.0,343.5,871.5,408.5,821.5,402.5,135.8685,50.3587,0.3706,1,1,17,1
25,3,1,1,1,1,1,0.9917,0.9873,0.9395,0.8994,701.5,278.5,565.5,279.0,640.0,281.0,588.5,282.5,136.0009,51.5218,0.3788,1,1,26,1
25,3,1,8,0,0,1,0.1152,0.1289,0.0469,0.043,1026.0,0.0,236.5,0.0,933.0,0.0,276.75,0.0,789.5,656.25,0.8312,1,0,0,0
26,2,0,0,1,1,1,0.9907,0.9839,0.9307,0.8892,929.5,359.5,786.0,349.0,871.5,417.5,820.0,403.5,143.8836,53.369,0.3709,1,1,18,1
26,2,0,1,1,1,1,0.9922,0.9834,0.9419,0.8931,704.5,285.0,566.5,281.0,637.0,282.5,589.0,282.5,138.058,48.0,0.3477,1,1,27,1
27,3,1,0,1,1,1,0.9893,0.9849,0.9185,0.8901,929.5,358.0,784.0,348.0,869.5,418.0,821.0,403.0,145.8432,50.7666,0.3481,1,1,19,1
27,3,1,1,1,1,1,0.9917,0.9868,0.9424,0.9023,703.5,274.0,564.5,268.5,641.0,289.0,595.5,286.5,139.1088,45.5686,0.3276,1,1,28,1
27,3,1,9,0,0,1,0.0967,0.1362,0.043,0.05,1024.0,0.0,236.5,0.0,915.5,0.0,277.75,0.0,787.5,637.75,0.8098,1,0,0,0
28,3,1,0,1,1,1,0.9893,0.9839,0.9175,0.8887,927.0,354.5,790.5,344.0,871.5,418.0,821.5,403.5,136.9033,52.0601,0.3803,1,1,20,1
28,3,1,1,1,1,1,0.9902,0.9858,0.9341,0.8979,700.5,279.5,561.0,278.0,641.0,282.5,597.0,292.0,139.5081,45.0139,0.3227,1,1,29,1
28,3,1,9,0,0,1,0.096,0.136,0.0471,0.0514,1100.0,0.0,315.5,0.0,942.5,0.0,299.5,0.0,784.5,643.0,0.8196,1,0,0,0
29,3,1,0,1,1,1,0.9893,0.9849,0.9209,0.897,927.0,358.0,789.5,346.5,872.0,417.5,821.0,403.0,137.9801,53.0212,0.3843,1,1,21,1
29,3,1,1,1,1,1,0.9922,0.9854,0.9355,0.8936,706.0,285.0,565.0,284.5,637.0,283.0,588.5,282.5,141.0009,48.5026,0.344,1,1,30,1
29,3,1,9,0,0,1,0.1063,0.1409,0.0571,0.0598,1030.0,0.0,239.0,0.0,918.5,0.0,237.25,0.0,791.0,681.25,0.8613,1,0,0,0
30,3,1,0,1,1,1,0.9883,0.9844,0.918,0.8828,928.0,353.0,785.0,348.5,867.0,413.0,822.0,402.0,143.0708,46.3249,0.3238,1,1,22,1
30,3,1,1,1,1,1,0.9917,0.9844,0.937,0.8945,704.5,285.0,565.5,284.0,637.0,283.0,589.0,283.0,139.0036,48.0,0.3453,1,1,31,1
30,3,1,9,0,0,1,0.1097,0.1421,0.0538,0.0569,1061.0,0.0,249.5,0.0,918.5,0.0,244.25,0.0,811.5,674.25,0.8309,1,0,0,0
31,3,1,0,1,1,1,0.9893,0.9844,0.9209,0.8926,926.5,357.5,788.0,346.0,873.0,408.5,830.0,403.0,138.9766,43.3503,0.3119,1,1,23,1
31,3,1,1,1,1,1,0.9897,0.9883,0.9282,0.9102,703.0,279.0,562.0,280.0,640.0,290.0,597.0,283.5,141.0035,43.4885,0.3084,1,1,32,1
31,3,1,9,0,0,1,0.0739,0.1086,0.0393,0.0476,1032.0,0.0,250.75,0.0,887.0,0.0,255.0,0.0,781.25,632.0,0.809,1,0,0,0
32,2,0,0,1,1,1,0.9897,0.9854,0.9185,0.8916,930.0,353.0,788.0,345.5,870.5,417.0,820.0,402.5,142.1979,52.5405,0.3695,1,1,24,1
32,2,0,1,1,1,1,0.9922,0.9863,0.9355,0.896,705.5,285.0,565.5,285.0,637.0,283.0,597.5,283.0,140.0,39.5,0.2821,1,1,33,1
33,3,1,0,1,1,1,0.9888,0.9854,0.9146,0.8936,931.0,350.0,790.5,342.5,870.0,417.5,820.0,403.0,140.7,52.0601,0.37,1,1,25,1
33,3,1,1,1,1,1,0.9917,0.9878,0.9414,0.9062,707.0,279.0,561.5,280.0,639.0,290.0,596.5,283.5,145.5034,42.9942,0.2955,1,1,34,1
33,3,1,10,0,0,1,0.089,0.121,0.0404,0.0411,1098.0,0.0,281.75,0.0,946.0,0.0,310.0,0.0,816.25,636.0,0.7792,1,0,0,0
34,3,1,0,1,1,1,0.9897,0.9849,0.9185,0.8901,926.0,352.5,787.0,343.0,871.0,417.5,820.0,402.0,139.3243,53.3034,0.3826,1,1,26,1
34,3,1,1,1,1,1,0.9907,0.9883,0.9312,0.9053,706.0,278.0,566.0,282.5,639.0,290.0,595.5,283.0,140.0723,44.0596,0.3145,1,1,35,1
34,3,1,10,0,0,1,0.1047,0.1398,0.0515,0.0582,1040.0,0.0,238.5,0.0,932.0,0.0,292.5,0.0,801.5,639.5,0.7979,1,0,0,0
35,2,0,0,1,1,1,0.9893,0.9849,0.9185,0.8877,931.0,356.0,782.0,347.0,870.0,418.5,820.5,403.0,149.2716,51.87,0.3475,1,1,27,1
35,2,0,1,1,1,1,0.9907,0.9883,0.9331,0.9077,700.5,278.0,564.5,282.0,640.5,290.5,596.0,283.0,136.0588,45.1276,0.3317,1,1,36,1
36,2,0,0,1,1,1,0.9902,0.9829,0.9268,0.877,924.5,356.0,788.0,351.0,871.0,400.0,829.0,402.0,136.5915,42.0476,0.3078,1,1,28,1
36,2,0,1,1,1,1,0.9917,0.9863,0.9434,0.9028,710.0,268.0,566.5,272.0,638.0,289.0,594.5,286.0,143.5557,43.6033,0.3037,1,1,37,1
37,3,1,0,1,1,1,0.9897,0.9844,0.9263,0.8916,929.0,356.0,784.0,346.5,869.0,418.0,821.0,403.0,145.3109,50.2892,0.3461,1,1,29,1
37,3,1,1,1,1,1,0.9927,0.9858,0.9395,0.9009,709.5,284.5,564.0,284.0,636.0,282.0,597.0,282.5,145.5009,39.0032,0.2681,1,1,38,1
37,3,1,11,0,0,1,0.1229,0.1312,0.0536,0.0422,1078.0,0.0,317.5,0.0,958.0,0.0,364.25,0.0,760.5,593.75,0.7807,1,0,0,0
38,3,1,0,1,1,1,0.9878,0.9849,0.9116,0.8965,928.0,357.5,786.0,349.5,870.0,418.5,820.0,403.0,142.2252,52.3474,0.3681,1,1,30,1
38,3,1,1,1,1,1,0.9922,0.9863,0.9341,0.9023,708.5,285.0,567.0,285.0,635.5,282.0,597.5,283.0,141.5,38.0132,0.2686,1,1,39,1
38,3,1,11,0,0,1,0.0995,0.1289,0.0489,0.0495,1108.0,0.0,294.75,0.0,932.5,0.0,317.0,0.0,813.25,615.5,0.7568,1,0,0,0
39,2,0,0,1,1,1,0.9907,0.9849,0.9243,0.8882,928.5,357.5,788.0,349.0,870.0,417.5,829.5,403.0,140.7569,43.0174,0.3056,1,1,31,1
39,2,0,1,1,1,1,0.9927,0.9854,0.937,0.8945,708.5,285.0,564.5,284.5,636.0,286.5,597.0,283.0,144.0009,39.1567,0.2719,1,1,40,1
40,3,1,0,1,1,1,0.9897,0.9839,0.9243,0.8882,930.0,355.5,783.5,347.5,870.0,409.5,820.5,402.0,146.7183,50.065,0.3412,1,1,32,1
40,3,1,1,1,1,1,0.9902,0.9873,0.9282,0.9004,709.5,277.0,563.0,278.0,638.0,290.5,596.0,283.0,146.5034,42.6644,0.2912,1,1,41,1
40,3,1,12,0,0,1,0.103,0.1473,0.0519,0.0616,1050.0,0.0,233.0,0.0,939.0,0.0,229.5,0.0,817.0,709.5,0.8684,1,0,0,0
41,2,0,0,1,1,1,0.9897,0.9844,0.9243,0.8916,924.0,352.5,790.0,344.0,878.0,418.5,830.5,403.5,134.2693,49.8121,0.371,1,1,33,1
41,2,0,1,1,1,1,0.9917,0.9854,0.9351,0.9023,710.0,283.5,566.0,282.5,635.0,282.0,597.0,283.0,144.0035,38.0132,0.264,1,1,42,1
42,3,1,0,1,1,1,0.9897,0.9854,0.9189,0.8926,926.0,357.5,787.5,349.0,871.0,409.0,820.5,402.5,138.7606,50.9166,0.3669,1,1,34,1
42,3,1,1,1,1,1,0.9917,0.9834,0.936,0.8916,708.0,285.5,566.0,285.0,636.0,283.5,597.5,293.0,142.0009,39.6548,0.2793,1,1,43,1
42,3,1,13,0,0,1,0.1019,0.152,0.0455,0.0555,1107.0,0.0,316.5,0.0,968.5,0.0,353.25,0.0,790.5,615.25,0.7783,1,0,0,0
43,3,1,0,1,1,1,0.9883,0.9858,0.9062,0.8921,929.0,357.5,787.5,349.5,881.0,409.5,820.5,402.5,141.726,60.9036,0.4297,1,1,35,1
43,3,1,1,1,1,1,0.9912,0.9863,0.9385,0.9014,708.0,287.5,566.0,285.5,639.0,289.5,595.0,287.0,142.0141,44.071,0.3103,1,1,44,1
43,3,1,13,0,0,1,0.1154,0.1635,0.0531,0.0676,1040.0,0.0,233.5,0.0,915.0,0.0,305.0,0.0,806.5,610.0,0.7564,1,0,0,0
44,2,0,0,1,1,1,0.9888,0.9834,0.917,0.8828,925.5,354.5,783.5,349.5,871.0,401.5,830.0,402.0,142.088,41.003,0.2886,1,1,36,1
44,2,0,1,1,1,1,0.9917,0.9844,0.9346,0.8892,706.0,283.0,564.5,282.0,636.0,283.0,588.5,282.0,141.5035,47.5105,0.3358,1,1,45,1
45,2,0,0,1,1,1,0.9897,0.9829,0.9233,0.8818,930.0,357.0,787.0,349.0,870.0,400.0,820.0,402.0,143.2236,50.04,0.3494,1,1,37,1
45,2,0,1,1,1,1,0.9912,0.9854,0.9326,0.8989,707.0,283.0,566.5,283.0,636.5,283.0,597.0,283.0,140.5,39.5,0.2811,1,1,46,1
46,2,0,0,1,1,1,0.9888,0.9849,0.9141,0.8921,929.5,358.0,787.0,347.0,870.0,409.0,820.0,402.0,142.9239,50.4876,0.3532,1,1,38,1
46,2,0,1,1,1,1,0.9922,0.9839,0.939,0.8872,710.0,283.0,566.5,282.0,635.0,282.0,597.0,283.0,143.5035,38.0132,0.2649,1,1,47,1
47,3,1,0,1,1,1,0.9897,0.9849,0.918,0.8892,930.5,357.5,787.0,347.0,870.0,409.0,820.0,402.0,143.8836,50.4876,0.3509,1,1,39,1
47,3,1,1,1,1,1,0.9897,0.9888,0.9336,0.9146,713.5,277.5,559.0,277.5,647.5,285.0,593.0,285.5,154.5,54.5023,0.3528,1,1,48,1
47,3,1,14,0,0,1,0.126,0.1643,0.0538,0.0571,1092.0,0.0,303.5,0.0,960.5,0.0,328.5,0.0,788.5,632.0,0.8015,1,0,0,0
48,3,1,0,1,1,1,0.9902,0.9844,0.9229,0.8843,925.0,352.5,786.5,344.0,887.0,419.0,821.5,403.0,138.7606,67.4259,0.4859,1,1,40,1
48,3,1,1,1,1,1,0.9917,0.9873,0.939,0.9048,708.0,282.0,567.5,279.5,639.0,288.0,595.0,277.5,140.5222,45.2355,0.3219,1,1,49,1
48,3,1,14,0,0,1,0.1003,0.1509,0.0462,0.0594,1044.0,0.0,253.75,0.0,892.5,0.0,291.75,0.0,790.25,600.75,0.7602,1,0,0,0
49,3,1,0,1,1,1,0.9897,0.9829,0.9224,0.8804,925.5,357.0,788.0,346.0,888.0,401.0,830.5,402.0,137.9393,57.5087,0.4169,1,1,41,1
49,3,1,1,1,1,1,0.9912,0.9849,0.9341,0.8994,706.0,283.0,567.0,282.0,644.5,282.0,598.0,283.0,139.0036,46.5108,0.3346,1,1,50,1
49,3,1,14,0,0,1,0.1207,0.1544,0.05,0.0502,1104.0,0.0,325.0,0.0,941.0,0.0,317.75,0.0,779.0,623.25,0.8001,1,0,0,0
50,2,0,0,1,1,1,0.9902,0.9849,0.9268,0.897,925.5,352.0,791.0,343.5,886.5,410.0,830.5,403.5,134.7683,56.376,0.4183,1,1,42,1
50,2,0,1,1,1,1,0.9927,0.9868,0.9487,0.9062,707.5,286.5,567.0,284.5,639.0,288.0,594.5,277.5,140.5142,45.722,0.3254,1,1,51,1
51,3,1,0,1,1,1,0.9888,0.9854,0.918,0.8994,925.0,355.0,788.5,347.0,887.5,409.5,830.5,403.0,136.7342,57.3694,0.4196,1,1,43,1
51,3,1,1,1,1,1,0.9907,0.9888,0.939,0.9146,712.0,274.0,563.5,275.0,638.0,284.0,601.5,286.0,148.5034,36.5548,0.2462,1,1,52,1
51,3,1,15,0,0,1,0.0818,0.1295,0.0395,0.0506,1030.0,0.0,248.0,0.0,906.0,0.0,285.75,0.0,782.0,620.25,0.7932,1,0,0,0
52,3,1,0,1,1,1,0.9888,0.9858,0.918,0.9014,924.5,355.0,790.0,349.0,887.0,418.5,831.0,395.0,134.6338,60.731,0.4511,1,1,44,1
52,3,1,1,1,1,1,0.9927,0.9844,0.9434,0.8896,712.0,283.0,569.0,282.0,634.0,285.5,605.5,275.0,143.0035,30.3727,0.2124,1,1,53,1
52,3,1,15,0,0,1,0.0916,0.1118,0.0464,0.0469,1042.0,0.0,253.0,0.0,931.0,0.0,292.75,0.0,789.0,638.25,0.8089,1,0,0,0
53,2,0,0,1,1,1,0.9893,0.9834,0.9243,0.8882,925.0,354.5,789.0,343.5,888.0,410.0,830.5,403.0,136.4441,57.9245,0.4245,1,1,45,1
53,2,0,1,1,1,1,0.9922,0.9863,0.9336,0.9004,712.5,283.0,566.0,282.5,642.5,286.0,597.0,283.5,146.5009,45.5686,0.311,1,1,54,1
54,3,1,0,1,1,1,0.9893,0.9839,0.9268,0.8926,924.5,355.0,789.5,347.5,887.5,409.5,830.0,403.5,135.2082,57.8122,0.4276,1,1,46,1
54,3,1,1,1,1,1,0.9917,0.9839,0.9341,0.8901,712.0,283.5,569.5,283.5,642.5,286.5,606.0,284.5,142.5,36.5548,0.2565,1,1,55,1
54,3,1,16,0,0,1,0.0967,0.1488,0.048,0.0616,1051.0,0.0,238.0,0.0,931.0,0.0,218.5,0.0,813.0,712.5,0.8764,1,0,0,0
55,3,1,0,1,1,1,0.9873,0.9844,0.9141,0.8848,920.0,352.5,784.0,349.0,877.5,414.5,830.0,412.0,136.045,47.5657,0.3496,1,1,47,1
55,3,1,1,1,1,1,0.9922,0.9863,0.9448,0.8965,710.5,278.0,565.5,275.5,639.0,289.0,594.5,287.0,145.0216,44.5449,0.3072,1,1,56,1
55,3,1,16,0,0,1,0.1011,0.1302,0.0439,0.0447,1102.0,0.0,322.5,0.0,932.5,0.0,353.0,0.0,779.5,579.5,0.7434,1,0,0,0
56,2,0,0,1,1,1,0.9897,0.9844,0.9287,0.897,925.0,354.0,785.0,346.5,887.5,400.0,832.0,384.5,140.2007,57.6238,0.411,1,1,48,1
56,2,0,1,1,1,1,0.9902,0.9888,0.9365,0.9131,713.0,275.0,562.5,275.0,646.0,285.0,594.0,285.5,150.5,52.0024,0.3455,1,1,57,1
57,2,0,0,1,1,1,0.9888,0.9854,0.917,0.8989,925.0,352.0,788.5,343.5,887.5,410.0,830.5,403.0,136.7644,57.4282,0.4199,1,1,49,1
57,2,0,1,1,1,1,0.9912,0.9878,0.9351,0.9038,709.0,277.0,562.5,278.0,638.0,290.0,596.5,283.5,146.5034,42.006,0.2867,1,1,58,1
58,2,0,0,1,1,1,0.9893,0.9844,0.9229,0.8955,924.0,356.0,787.5,347.5,887.5,419.0,821.5,403.5,136.7644,67.7956,0.4957,1,1,50,1
58,2,0,1,1,1,1,0.9922,0.9858,0.9448,0.8945,709.0,279.0,568.0,280.5,638.5,289.5,594.5,287.0,141.008,44.071,0.3125,1,1,59,1
59,3,1,0,1,1,1,0.9893,0.9854,0.9229,0.896,926.0,354.0,789.0,352.5,887.5,410.5,829.5,403.0,137.0082,58.4829,0.4269,1,1,51,1
59,3,1,1,1,1,1,0.9917,0.9863,0.9424,0.8965,704.0,276.0,568.5,279.5,639.5,289.5,605.0,284.0,135.5452,34.9357,0.2577,1,1,60,1
59,3,1,17,0,0,1,0.1065,0.1536,0.0429,0.0471,1073.0,0.0,308.25,0.0,957.5,0.0,321.5,0.0,764.75,636.0,0.8316,1,0,0,0
60,3,1,0,1,1,1,0.9902,0.9824,0.9272,0.8843,927.5,355.0,790.5,346.5,888.0,417.5,831.0,385.5,137.2634,65.3682,0.4762,1,1,52,1
60,3,1,1,1,1,1,0.9917,0.9873,0.9365,0.895,710.5,283.5,563.0,284.5,638.5,290.5,605.0,284.5,147.5034,34.0331,0.2307,1,1,61,1
60,3,1,17,0,0,1,0.093,0.1277,0.0588,0.0614,1095.0,0.0,312.5,0.0,944.0,0.0,316.5,0.0,782.5,627.5,0.8019,1,0,0,0
61,2,0,0,1,1,1,0.9897,0.9849,0.9253,0.9009,924.0,355.0,788.5,346.5,889.0,409.0,831.0,403.5,135.7663,58.2602,0.4291,1,1,53,1
61,2,0,1,1,1,1,0.9917,0.9844,0.9365,0.897,707.0,283.5,569.0,282.5,636.0,282.5,597.0,283.0,138.0036,39.0032,0.2826,1,1,62,1
62,3,1,0,1,1,1,0.9907,0.9858,0.9277,0.8994,925.5,346.0,789.0,337.5,887.5,409.0,831.0,393.5,136.7644,58.5875,0.4284,1,1,54,1
62,3,1,1,1,1,1,0.9917,0.9844,0.936,0.894,712.0,283.0,569.5,283.0,642.5,286.0,597.0,283.5,142.5,45.5686,0.3198,1,1,63,1
62,3,1,18,0,0,1,0.1007,0.1342,0.0447,0.051,1103.0,0.0,303.5,0.0,923.0,0.0,355.75,0.0,799.5,567.25,0.7095,1,0,0,0
63,3,1,0,1,1,1,0.9883,0.9854,0.9204,0.9038,924.0,351.5,790.5,343.5,887.5,401.0,831.5,394.0,133.7395,56.4358,0.422,1,1,55,1
63,3,1,1,1,1,1,0.9907,0.9873,0.9258,0.9082,710.0,283.5,567.0,282.5,635.5,282.0,606.5,284.0,143.0035,29.0689,0.2033,1,1,64,1
63,3,1,18,0,0,1,0.1168,0.1534,0.0515,0.0533,1092.0,0.0,308.5,0.0,962.0,0.0,301.0,0.0,783.5,661.0,0.8437,1,0,0,0
64,3,1,0,1,1,1,0.9897,0.9849,0.9199,0.8931,927.0,351.0,788.0,345.5,887.5,408.5,831.0,385.0,139.1088,61.1923,0.4399,1,1,56,1
64,3,1,1,1,1,1,0.9917,0.9863,0.9312,0.8984,713.0,283.5,568.5,283.5,634.5,291.5,606.0,284.5,144.5,29.3471,0.2031,1,1,65,1
64,3,1,19,0,0,1,0.1005,0.1311,0.0479,0.0518,1009.5,0.0,227.25,0.0,926.0,0.0,251.5,0.0,782.25,674.5,0.8623,1,0,0,0
65,2,0,0,1,1,1,0.9883,0.9849,0.9126,0.8916,924.5,352.0,789.0,344.0,887.0,410.0,830.5,394.0,135.736,58.7218,0.4326,1,1,57,1
65,2,0,1,1,1,1,0.9927,0.9858,0.9404,0.897,713.5,282.5,569.5,283.0,634.5,285.5,605.5,274.5,144.0009,31.0161,0.2154,1,1,66,1
66,3,1,0,1,1,1,0.9897,0.9839,0.9292,0.8955,930.5,354.0,791.0,347.5,887.0,400.5,830.0,403.5,139.6514,57.0789,0.4087,1,1,58,1
66,3,1,1,1,1,1,0.9907,0.9863,0.9282,0.9033,714.0,285.0,569.5,284.0,635.0,287.0,605.0,284.0,144.5035,30.1496,0.2086,1,1,67,1
66,3,1,20,0,0,1,0.1067,0.1403,0.0533,0.0595,1094.0,0.0,316.75,0.0,962.0,0.0,337.75,0.0,777.25,624.25,0.8032,1,0,0,0
67,3,1,0,1,1,1,0.9888,0.9839,0.9233,0.8931,928.5,354.0,787.5,347.5,887.0,392.5,829.5,402.0,141.1497,58.2795,0.4129,1,1,59,1
67,3,1,1,1,1,1,0.9907,0.9858,0.9248,0.897,713.0,283.5,569.5,283.5,634.5,287.0,605.5,284.0,143.5,29.1548,0.2032,1,1,68,1
67,3,1,20,0,0,1,0.0824,0.1216,0.0422,0.0519,1054.0,0.0,262.75,0.0,928.0,0.0,279.25,0.0,791.25,648.75,0.8199,1,0,0,0
68,3,1,0,1,1,1,0.9902,0.9854,0.9282,0.9009,925.0,354.5,788.5,349.0,887.5,409.5,830.5,394.0,136.6108,59.0699,0.4324,1,1,60,1
68,3,1,1,1,1,1,0.9902,0.9878,0.9326,0.9077,704.5,281.0,562.5,279.5,638.5,281.5,606.0,284.0,142.0079,32.596,0.2295,1,1,69,1
68,3,1,20,0,0,1,0.1407,0.1871,0.049,0.0572,1027.0,0.0,238.75,0.0,925.0,0.0,260.25,0.0,788.25,664.75,0.8433,1,0,0,0
69,2,0,0,1,1,1,0.9863,0.9868,0.9072,0.8979,926.5,349.5,788.5,352.5,876.0,414.5,828.0,412.5,138.0326,48.0416,0.348,1,1,61,1
69,2,0,1,1,1,1,0.9922,0.9854,0.9341,0.8926,711.5,283.0,568.0,283.5,634.5,283.0,597.0,282.5,143.5009,37.5033,0.2613,1,1,70,1
70,3,1,0,1,1,1,0.9888,0.9829,0.9209,0.8911,927.0,350.5,791.0,343.0,888.0,400.0,831.5,384.5,136.2066,58.5875,0.4301,1,1,62,1
70,3,1,1,1,1,1,0.9917,0.9854,0.9302,0.8945,711.5,283.0,567.5,283.5,634.5,283.0,597.0,282.5,144.0009,37.5033,0.2604,1,1,71,1
70,3,1,21,0,0,1,0.0925,0.1155,0.0493,0.0512,1033.0,0.0,257.75,0.0,924.0,0.0,323.5,0.0,775.25,600.5,0.7746,1,0,0,0
71,3,1,0,1,1,1,0.9897,0.9854,0.9233,0.8984,924.0,348.0,787.0,341.5,888.0,400.5,831.0,393.0,137.1541,57.4913,0.4192,1,1,63,1
71,3,1,1,1,1,1,0.9907,0.9883,0.9312,0.9072,708.0,277.0,562.0,278.0,638.5,281.5,596.0,282.5,146.0034,42.5118,0.2912,1,1,72,1
71,3,1,21,0,0,1,0.1305,0.1449,0.0613,0.0577,1042.0,0.0,256.25,0.0,950.0,0.0,267.25,0.0,785.75,682.75,0.8689,1,0,0,0
72,3,1,0,1,1,1,0.9893,0.9849,0.9238,0.8984,925.0,353.5,789.5,349.0,887.5,400.5,830.5,393.0,135.5747,57.4913,0.4241,1,1,64,1
72,3,1,1,1,1,1,0.9912,0.9844,0.9312,0.894,711.5,284.0,565.5,283.0,635.5,287.0,605.0,284.0,146.0034,30.6472,0.2099,1,1,73,1
72,3,1,21,0,0,1,0.106,0.149,0.0506,0.0615,1045.0,0.0,254.5,0.0,939.0,0.0,254.75,0.0,790.5,684.25,0.8656,1,0,0,0
73,3,1,0,1,1,1,0.9888,0.9849,0.9219,0.8979,926.0,355.0,785.5,347.0,887.5,409.0,831.5,384.5,140.7276,61.1249,0.4343,1,1,65,1
73,3,1,1,1,1,1,0.9917,0.9863,0.9326,0.9004,712.5,283.5,565.0,283.0,635.5,287.0,596.0,283.5,147.5008,39.6548,0.2688,1,1,74,1
73,3,1,21,0,0,1,0.1099,0.1649,0.0445,0.0519,1097.0,0.0,303.5,0.0,990.0,0.0,310.5,0.0,793.5,679.5,0.8563,1,0,0,0
74,3,1,1,1,1,1,0.9917,0.9868,0.9331,0.9019,713.0,280.0,567.5,283.5,634.5,287.0,605.5,284.0,145.5421,29.1548,0.2003,1,1,75,1
74,3,1,0,1,1,1,0.9883,0.9844,0.9175,0.8984,926.5,353.5,790.0,349.5,888.5,408.5,831.0,385.0,136.5586,62.1168,0.4549,1,1,66,1
74,3,1,21,0,0,1,0.0928,0.1476,0.0394,0.0526,1033.0,0.0,245.75,0.0,884.0,0.0,302.0,0.0,787.25,582.0,0.7393,1,0,0,0
75,3,1,0,1,1,1,0.9863,0.9868,0.895,0.8877,932.0,349.0,790.0,343.5,879.0,402.0,833.5,403.0,142.1065,45.511,0.3203,1,1,67,1
75,3,1,1,1,1,1,0.9917,0.9858,0.9341,0.9038,712.0,284.0,569.0,283.0,634.5,286.5,605.5,284.5,143.0035,29.0689,0.2033,1,1,76,1
75,3,1,21,0,0,1,0.0868,0.1404,0.0579,0.0752,1102.0,0.0,323.25,0.0,976.0,0.0,362.75,0.0,778.75,613.25,0.7875,1,0,0,0
76,3,1,0,1,1,1,0.9893,0.9878,0.9185,0.9131,924.0,353.5,785.0,346.0,888.0,400.0,831.0,384.0,139.2022,59.203,0.4253,1,1,68,1
76,3,1,1,1,1,1,0.9912,0.9878,0.9351,0.9067,710.5,275.5,567.0,276.0,638.5,289.5,603.5,287.5,143.5009,35.0571,0.2443,1,1,77,1
76,3,1,21,0,0,1,0.0848,0.1093,0.0488,0.0514,1128.0,0.0,320.5,0.0,957.0,0.0,321.5,0.0,807.5,635.5,0.787,1,0,0,0
77,3,1,0,1,1,1,0.9883,0.9844,0.9204,0.9004,922.0,353.5,787.0,346.5,887.5,400.0,831.5,384.5,135.1814,58.1055,0.4298,1,1,69,1
77,3,1,1,1,1,1,0.9902,0.9883,0.9321,0.9097,711.0,281.0,565.0,282.0,638.5,290.5,595.5,283.5,146.0034,43.566,0.2984,1,1,78,1
77,3,1,21,0,0,1,0.1147,0.1626,0.0435,0.0489,1086.0,0.0,300.0,0.0,936.0,0.0,318.25,0.0,786.0,617.75,0.7859,1,0,0,0
78,3,1,0,1,1,1,0.9873,0.9849,0.9136,0.9023,929.0,352.0,791.5,345.0,888.0,400.5,831.0,394.0,137.6781,57.3694,0.4167,1,1,70,1
78,3,1,1,1,1,1,0.9917,0.9858,0.9302,0.8945,712.5,283.5,566.5,283.5,635.0,287.0,596.5,283.5,146.0,38.6588,0.2648,1,1,79,1
78,3,1,21,0,0,1,0.0903,0.1023,0.044,0.0378,1092.0,0.0,303.25,0.0,945.0,0.0,292.0,0.0,788.75,653.0,0.8279,1,0,0,0
79,3,1,0,1,1,1,0.9888,0.9844,0.9229,0.8994,928.0,356.0,792.0,347.0,888.5,400.0,830.5,394.0,136.2975,58.3095,0.4278,1,1,71,1
79,3,1,1,1,1,1,0.9917,0.9854,0.9346,0.894,714.0,281.0,568.5,284.0,634.5,288.0,605.0,293.5,145.5309,30.0083,0.2062,1,1,80,1
79,3,1,21,0,0,1,0.1074,0.1324,0.0513,0.0478,1085.0,0.0,309.25,0.0,973.0,0.0,320.5,0.0,775.75,652.5,0.8411,1,0,0,0
80,2,0,0,1,1,1,0.9888,0.9854,0.9185,0.9009,927.0,350.5,790.5,344.5,888.5,401.0,830.5,403.0,136.6318,58.0345,0.4248,1,1,72,1
80,2,0,1,1,1,1,0.9922,0.9858,0.9365,0.8989,714.5,280.0,568.0,283.5,642.0,287.0,596.5,283.5,146.5418,45.6344,0.3114,1,1,81,1
81,3,1,0,1,1,1,0.9897,0.9858,0.9229,0.9023,927.0,351.5,791.0,343.5,888.0,409.0,831.5,394.5,136.2351,58.331,0.4282,1,1,73,1
81,3,1,1,1,1,1,0.9907,0.9873,0.936,0.9058,710.5,280.5,570.5,282.0,637.5,281.0,605.0,284.0,140.008,32.6382,0.2331,1,1,82,1
81,3,1,22,0,0,1,0.1095,0.1235,0.052,0.0445,1084.0,0.0,329.75,0.0,979.5,0.0,336.25,0.0,754.25,643.25,0.8528,1,0,0,0
82,3,1,0,1,1,1,0.9893,0.9849,0.9229,0.896,924.5,345.0,790.5,339.5,887.0,399.5,831.5,384.5,134.1128,57.4913,0.4287,1,1,74,1
82,3,1,1,1,1,1,0.9907,0.9873,0.937,0.9082,707.0,277.5,568.5,275.0,638.0,290.0,596.0,283.0,138.5226,42.5793,0.3074,1,1,83,1
82,3,1,22,0,0,1,0.1454,0.1885,0.0583,0.0602,1090.0,0.0,306.75,0.0,980.0,0.0,300.75,0.0,783.25,679.25,0.8672,1,0,0,0
83,2,0,0,1,1,1,0.9883,0.9844,0.9214,0.9028,923.0,348.5,790.0,340.5,887.5,399.5,831.0,384.5,133.2404,58.4572,0.4387,1,1,75,1
83,2,0,1,1,1,1,0.9922,0.9854,0.936,0.8975,716.0,282.0,571.0,282.0,634.0,287.0,605.0,284.5,145.0,29.1076,0.2007,1,1,84,1
84,3,1,0,1,1,1,0.9878,0.9858,0.9136,0.9048,927.0,348.5,792.5,341.0,888.5,407.5,831.0,384.5,134.7089,61.9294,0.4597,1,1,76,1
84,3,1,1,1,1,1,0.9912,0.9854,0.9326,0.8984,713.5,285.0,570.5,284.0,642.5,286.0,606.0,284.5,143.0035,36.5308,0.2555,1,1,85,1
84,3,1,23,0,0,1,0.1082,0.1453,0.0549,0.0623,1044.0,0.0,253.0,0.0,929.0,0.0,255.0,0.0,791.0,674.0,0.8521,1,0,0,0
85,3,1,0,1,1,1,0.9888,0.9854,0.9194,0.9014,925.5,348.5,790.5,341.5,888.5,400.0,830.5,402.5,135.1814,58.0539,0.4295,1,1,77,1
85,3,1,1,1,1,1,0.9917,0.9868,0.9351,0.9072,712.5,283.0,570.0,283.0,635.0,286.0,605.5,284.0,142.5,29.5677,0.2075,1,1,86,1
85,3,1,23,0,0,1,0.0977,0.1626,0.0481,0.0692,1053.0,0.0,273.0,0.0,897.0,0.0,335.75,0.0,780.0,561.25,0.7196,1,0,0,0
86,2,0,0,1,1,1,0.9849,0.9868,0.9038,0.9053,924.5,351.0,786.5,351.5,876.0,406.0,829.0,412.0,138.0009,47.3814,0.3433,1,1,78,1
86,2,0,1,1,1,1,0.9917,0.9868,0.9336,0.9048,716.5,284.5,571.5,284.0,634.5,286.5,605.0,284.0,145.0009,29.6057,0.2042,1,1,87,1
87,2,0,0,1,1,1,0.9893,0.9854,0.9263,0.9048,926.5,350.0,792.0,343.0,888.0,400.0,831.5,385.0,134.682,58.4572,0.434,1,1,79,1
87,2,0,1,1,1,1,0.9927,0.9863,0.9385,0.8965,717.0,280.0,572.0,280.5,634.0,286.0,604.5,284.0,145.0009,29.5677,0.2039,1,1,88,1
88,3,1,0,1,1,1,0.9883,0.9863,0.915,0.9043,925.0,350.5,787.5,342.5,887.5,400.0,831.5,384.0,137.7325,58.2409,0.4229,1,1,80,1
88,3,1,1,1,1,1,0.9917,0.9868,0.9414,0.8965,710.5,276.0,568.5,280.5,638.0,290.0,611.5,284.5,142.0713,27.0647,0.1905,1,1,89,1
88,3,1,24,0,0,1,0.0932,0.136,0.042,0.0507,1098.0,0.0,304.75,0.0,952.5,0.0,327.0,0.0,793.25,625.5,0.7885,1,0,0,0
89,2,0,0,1,1,1,0.9873,0.9858,0.915,0.9072,927.0,352.0,796.5,344.0,886.5,400.0,830.0,384.0,130.745,58.7218,0.4491,1,1,81,1
89,2,0,1,1,1,1,0.9922,0.9863,0.9351,0.8965,714.0,283.0,570.5,283.5,634.5,286.0,605.0,283.5,143.5009,29.6057,0.2063,1,1,90,1
90,3,1,0,1,1,1,0.9888,0.9849,0.9185,0.8994,932.0,352.0,788.5,345.0,887.0,400.0,830.5,393.5,143.6706,56.8727,0.3959,1,1,82,1
90,3,1,1,1,1,1,0.9922,0.9844,0.9385,0.8911,716.5,284.5,572.0,284.0,634.5,287.0,605.0,284.0,144.5009,29.6522,0.2052,1,1,91,1
90,3,1,25,0,0,1,0.0825,0.1578,0.0665,0.097,1097.0,0.0,323.0,0.0,972.0,0.0,327.5,0.0,774.0,644.5,0.8327,1,0,0,0
91,3,1,0,1,1,1,0.9883,0.9854,0.9199,0.9033,927.0,348.0,792.0,341.5,888.5,399.5,831.0,384.5,135.1564,59.4243,0.4397,1,1,83,1
91,3,1,1,1,1,1,0.9922,0.9858,0.9351,0.8965,718.5,283.5,573.5,284.0,643.0,285.0,605.5,275.0,145.0009,38.8104,0.2677,1,1,92,1
91,3,1,25,0,0,1,0.1016,0.147,0.0482,0.0631,1040.0,0.0,244.25,0.0,922.0,0.0,267.25,0.0,795.75,654.75,0.8228,1,0,0,0
92,3,1,0,1,1,1,0.9883,0.9854,0.9165,0.8989,929.0,352.0,790.5,346.5,887.0,400.0,830.5,384.0,138.6092,58.7218,0.4237,1,1,84,1
92,3,1,1,1,1,1,0.9922,0.9868,0.9424,0.8984,710.0,276.5,565.0,278.0,638.0,289.0,613.0,275.0,145.0078,28.6531,0.1976,1,1,93,1
92,3,1,25,0,0,1,0.0752,0.1027,0.0362,0.0412,1037.0,0.0,258.25,0.0,896.0,0.0,282.75,0.0,778.75,613.25,0.7875,1,0,0,0
93,2,0,0,1,1,1,0.9883,0.9863,0.9146,0.9043,926.5,349.0,789.5,341.0,880.5,401.0,830.5,402.5,137.2334,50.0225,0.3645,1,1,85,1
93,2,0,1,1,1,1,0.9917,0.9854,0.937,0.9004,712.5,284.0,574.0,283.5,635.5,286.0,614.5,285.0,138.5009,21.0238,0.1518,1,1,94,1
94,2,0,0,1,1,1,0.9878,0.9858,0.9136,0.9043,929.5,351.0,793.0,347.5,887.0,399.5,831.5,385.0,136.5449,57.3629,0.4201,1,1,86,1
94,2,0,1,1,1,1,0.9927,0.9863,0.9429,0.9048,711.5,284.5,572.0,283.0,635.5,286.0,605.5,284.5,139.5081,30.0375,0.2153,1,1,95,1
95,2,0,0,1,1,1,0.9878,0.9858,0.9136,0.9038,924.0,352.0,789.0,344.5,887.0,400.5,831.0,384.0,135.2082,58.3802,0.4318,1,1,87,1
95,2,0,1,1,1,1,0.9917,0.9854,0.936,0.8979,716.5,285.0,572.0,284.5,634.5,287.0,605.0,284.5,144.5009,29.6057,0.2049,1,1,96,1
96,3,1,0,1,1,1,0.9868,0.9863,0.9106,0.9087,926.0,345.5,791.5,341.5,888.0,399.0,831.0,384.5,134.5595,58.8154,0.4371,1,1,88,1
96,3,1,1,1,1,1,0.9897,0.9863,0.9375,0.9004,722.0,277.0,568.5,282.0,644.5,287.0,600.5,294.0,153.5814,44.5533,0.2901,1,1,97,1
96,3,1,26,0,0,1,0.1134,0.1476,0.0495,0.0457,1105.0,0.0,307.5,0.0,958.0,0.0,306.75,0.0,797.5,651.25,0.8166,1,0,0,0
97,2,0,0,1,1,1,0.9878,0.9863,0.9165,0.9092,927.0,346.0,791.0,339.0,888.0,399.0,831.0,384.0,136.18,58.9406,0.4328,1,1,89,1
97,2,0,1,1,1,1,0.9922,0.9849,0.9399,0.896,712.0,284.5,574.0,283.5,635.5,286.5,605.5,284.5,138.0036,30.0666,0.2179,1,1,98,1
98,2,0,0,1,1,1,0.9888,0.9873,0.9175,0.9106,928.5,350.5,788.5,346.0,888.0,399.0,831.0,384.0,140.0723,58.9406,0.4208,1,1,90,1
98,2,0,1,1,1,1,0.9922,0.9863,0.9463,0.8984,712.0,278.5,572.5,282.0,637.0,290.0,611.0,285.0,139.5439,26.4764,0.1897,1,1,99,1
99,3,1,0,1,1,1,0.9873,0.9854,0.9175,0.9082,926.0,351.5,791.0,344.0,888.0,399.5,831.5,385.0,135.2082,58.331,0.4314,1,1,91,1
99,3,1,1,1,1,1,0.9907,0.9858,0.9248,0.8955,717.0,284.5,571.0,287.0,634.5,287.0,605.0,284.5,146.0214,29.6057,0.2027,1,1,100,1
99,3,1,27,0,0,1,0.0998,0.1322,0.0522,0.0495,1110.0,0.0,305.5,0.0,977.0,0.0,289.0,0.0,804.5,688.0,0.8552,1,0,0,0
100,3,1,0,1,1,1,0.9873,0.9849,0.9155,0.9038,929.0,345.5,792.0,339.0,886.5,390.0,831.0,384.0,137.1541,55.8234,0.407,1,1,92,1
100,3,1,1,1,1,1,0.9902,0.9863,0.9258,0.9009,713.0,281.5,574.0,280.5,643.5,286.5,605.5,285.0,139.0036,38.0296,0.2736,1,1,101,1
100,3,1,27,0,0,1,0.1346,0.1656,0.079,0.0729,1098.0,0.0,318.25,0.0,971.0,0.0,316.75,0.0,779.75,654.25,0.8391,1,0,0,0
101,3,1,0,1,1,1,0.9888,0.9868,0.9155,0.9062,929.0,343.0,788.5,337.5,885.5,399.0,831.0,384.5,140.6076,56.3959,0.4011,1,1,93,1
101,3,1,1,1,1,1,0.9897,0.9878,0.9307,0.9082,716.0,281.0,575.0,284.0,637.0,290.0,611.0,285.0,141.0319,26.4764,0.1877,1,1,102,1
101,3,1,27,0,0,1,0.1028,0.1698,0.0568,0.0808,1017.5,0.0,254.25,0.0,924.5,0.0,323.5,0.0,763.25,601.0,0.7874,1,0,0,0
102,3,1,0,1,1,1,0.9883,0.9863,0.9116,0.9014,928.5,346.5,791.5,339.0,888.0,399.5,830.0,393.0,137.2051,58.3631,0.4254,1,1,94,1
102,3,1,1,1,1,1,0.9912,0.9873,0.9375,0.9004,714.0,277.0,573.5,281.0,654.0,290.5,611.5,285.0,140.5569,42.8544,0.3049,1,1,103,1
102,3,1,27,0,0,1,0.1168,0.1709,0.0574,0.0696,1037.0,0.0,242.75,0.0,929.5,0.0,273.5,0.0,794.25,656.0,0.8259,1,0,0,0
103,2,0,0,1,1,1,0.9878,0.9858,0.9155,0.9072,933.0,346.5,792.5,339.5,886.5,399.0,830.5,384.5,140.6743,57.8468,0.4112,1,1,95,1
103,2,0,1,1,1,1,0.9932,0.9834,0.9448,0.8872,715.5,276.0,574.0,277.0,643.0,285.0,613.5,288.0,141.5035,29.6522,0.2096,1,1,104,1
104,2,0,0,1,1,1,0.9883,0.9868,0.9116,0.9043,934.0,345.5,793.0,338.0,886.5,399.0,831.0,385.0,141.1993,57.2385,0.4054,1,1,96,1
104,2,0,1,1,1,1,0.9912,0.9858,0.9395,0.894,720.5,281.5,580.5,285.5,636.5,290.0,611.0,286.0,140.0571,25.8118,0.1843,1,1,105,1
105,2,0,0,1,1,1,0.9883,0.9863,0.9106,0.8994,927.0,352.0,789.0,346.5,879.0,400.5,830.5,384.0,138.1096,51.2299,0.3709,1,1,97,1
105,2,0,1,1,1,1,0.9907,0.9868,0.9268,0.9038,714.0,284.0,573.0,287.0,643.0,286.5,605.5,284.5,141.0319,37.5533,0.2663,1,1,106,1
106,2,0,0,1,1,1,0.9883,0.9868,0.9121,0.9033,930.0,348.5,792.0,346.0,880.0,400.5,829.5,394.0,138.0226,50.9166,0.3689,1,1,98,1
106,2,0,1,1,1,1,0.9912,0.9858,0.9321,0.9019,712.5,284.0,573.5,284.0,643.0,286.5,605.5,284.5,139.0,37.5533,0.2702,1,1,107,1
107,2,0,0,1,1,1,0.9883,0.9863,0.9131,0.9043,929.5,347.0,790.0,341.5,887.5,400.0,830.5,393.5,139.6084,57.3694,0.4109,1,1,99,1
107,2,0,1,1,1,1,0.9907,0.9868,0.9287,0.9062,713.5,281.0,574.0,287.0,642.5,286.5,605.5,285.0,139.629,37.0304,0.2652,1,1,108,1
108,2,0,0,1,1,1,0.9883,0.9858,0.9146,0.9043,933.0,346.0,784.5,339.0,887.5,399.0,831.5,384.0,148.6649,57.9741,0.39,1,1,100,1
108,2,0,1,1,1,1,0.9912,0.9873,0.9404,0.9082,717.0,282.0,579.5,284.5,636.0,290.0,611.0,285.5,137.5227,25.4018,0.1847,1,1,109,1
109,3,1,0,1,1,1,0.9883,0.9839,0.9238,0.8994,928.0,348.5,794.0,341.0,887.5,399.5,831.5,385.0,134.2097,57.8468,0.431,1,1,101,1
109,3,1,1,1,1,1,0.9907,0.9868,0.9385,0.9038,720.5,282.0,579.5,285.5,636.5,290.5,603.0,294.5,141.0434,33.738,0.2392,1,1,110,1
109,3,1,28,0,0,1,0.1103,0.1555,0.046,0.0497,1100.0,0.0,304.5,0.0,941.0,0.0,309.5,0.0,795.5,631.5,0.7938,1,0,0,0
110,2,0,0,1,1,1,0.9888,0.9849,0.9243,0.8994,931.0,347.0,793.0,338.5,885.5,399.0,830.5,384.0,138.2615,57.0088,0.4123,1,1,102,1
110,2,0,1,1,1,1,0.9902,0.9878,0.9346,0.9067,719.0,282.5,577.5,285.0,653.0,291.0,611.0,286.0,141.5221,42.2966,0.2989,1,1,111,1
111,2,0,0,1,1,1,0.9893,0.9868,0.9185,0.9062,929.5,346.5,793.0,339.0,888.0,399.0,831.0,384.0,136.7059,58.9406,0.4311,1,1,103,1
111,2,0,1,1,1,1,0.9917,0.9858,0.9414,0.8887,720.5,282.5,577.5,285.0,653.0,291.0,610.5,286.0,143.0219,42.7931,0.2992,1,1,112,1
112,3,1,0,1,1,1,0.9897,0.9854,0.9194,0.8955,929.0,346.5,791.5,341.5,887.5,407.5,831.0,385.0,137.5909,60.8153,0.442,1,1,104,1
112,3,1,1,1,1,1,0.9897,0.9863,0.9238,0.9058,712.0,284.5,572.5,287.0,644.0,287.0,615.0,295.0,139.5224,30.0832,0.2156,1,1,113,1
112,3,1,29,0,0,1,0.0925,0.118,0.0533,0.0568,1028.0,0.0,262.25,0.0,885.0,0.0,265.25,0.0,765.75,619.75,0.8093,1,0,0,0
113,2,0,0,1,1,1,0.9893,0.9868,0.917,0.9019,933.0,347.0,790.5,341.0,885.5,399.5,830.5,384.0,142.6263,57.1424,0.4006,1,1,105,1
113,2,0,1,1,1,1,0.9873,0.9873,0.9258,0.9116,722.0,274.0,572.0,281.0,645.5,285.5,606.5,287.0,150.1632,39.0288,0.2599,1,1,114,1
114,2,0,0,1,1,1,0.9888,0.9849,0.9165,0.8931,925.0,349.0,787.0,345.5,887.0,402.0,832.5,400.5,138.0444,54.5206,0.395,1,1,106,1
114,2,0,1,1,1,1,0.9907,0.9873,0.9395,0.9053,719.0,282.0,577.5,285.0,645.5,291.0,610.5,285.5,141.5318,35.4295,0.2503,1,1,115,1
115,2,0,0,1,1,1,0.9883,0.9868,0.915,0.9087,929.5,351.0,792.5,349.0,887.5,399.0,831.0,385.0,137.0146,58.2087,0.4248,1,1,107,1
115,2,0,1,1,1,1,0.9883,0.9868,0.9292,0.9033,720.0,270.0,572.0,277.0,653.5,286.5,608.5,287.5,148.1654,45.0111,0.3038,1,1,116,1
116,2,0,0,1,1,1,0.9873,0.9849,0.9155,0.9058,925.5,351.5,790.5,344.0,888.0,399.5,831.5,384.5,135.2082,58.4572,0.4323,1,1,108,1
116,2,0,1,1,1,1,0.9902,0.9868,0.9346,0.9019,718.0,282.0,578.5,285.0,644.5,291.0,611.5,295.0,139.5323,33.2415,0.2382,1,1,117,1
117,2,0,0,1,1,1,0.9883,0.9868,0.9175,0.9136,928.0,343.5,795.0,335.5,887.5,399.0,831.5,385.0,133.2404,57.7235,0.4332,1,1,109,1
117,2,0,1,1,1,1,0.9873,0.9868,0.9204,0.9023,722.0,276.0,575.5,280.0,654.0,286.0,607.5,287.0,146.5546,46.5108,0.3174,1,1,118,1
118,2,0,0,1,1,1,0.9878,0.9873,0.9116,0.9126,925.0,344.0,791.0,334.5,886.5,399.5,832.0,384.0,134.3363,56.6613,0.4218,1,1,110,1
118,2,0,1,1,1,1,0.9912,0.9878,0.938,0.9038,715.0,281.5,579.0,285.0,654.0,291.0,611.5,285.5,136.045,42.8544,0.315,1,1,119,1
119,2,0,0,1,1,1,0.9883,0.9878,0.9111,0.9131,926.5,346.0,790.0,338.0,888.0,399.0,831.5,384.0,136.7342,58.4572,0.4275,1,1,111,1
119,2,0,1,1,1,1,0.9917,0.9854,0.9351,0.8984,715.5,282.0,575.5,284.5,642.5,286.0,605.5,284.5,140.0223,37.0304,0.2645,1,1,120,1
120,3,1,0,1,1,1,0.9868,0.9863,0.9126,0.8984,930.0,342.5,790.0,341.5,891.0,407.5,832.5,401.0,140.0036,58.86,0.4204,1,1,112,1
120,3,1,1,1,1,1,0.9897,0.9878,0.9287,0.9043,720.5,285.0,578.5,285.0,646.5,299.0,611.5,286.5,142.0,37.1652,0.2617,1,1,121,1
120,3,1,30,0,0,1,0.1076,0.1229,0.0668,0.0547,1084.0,0.0,311.75,0.0,938.5,0.0,336.75,0.0,772.25,601.75,0.7792,1,0,0,0
121,3,1,0,1,1,1,0.9844,0.9888,0.8906,0.9097,928.5,347.5,787.5,349.0,876.0,406.5,828.5,412.0,141.008,47.8174,0.3391,1,1,113,1
121,3,1,1,1,1,1,0.9902,0.9888,0.9307,0.9116,719.0,277.0,579.0,280.0,645.0,290.5,611.0,285.5,140.0321,34.3657,0.2454,1,1,122,1
121,3,1,30,0,0,1,0.0927,0.1382,0.0487,0.0592,1036.0,0.0,251.5,0.0,921.0,0.0,247.75,0.0,784.5,673.25,0.8582,1,0,0,0
122,3,1,0,1,1,1,0.9883,0.9854,0.9219,0.9053,924.0,347.0,789.0,339.0,887.0,400.0,831.0,393.5,135.2368,56.376,0.4169,1,1,114,1
122,3,1,1,1,1,1,0.9907,0.9868,0.9316,0.9116,717.0,285.0,573.5,284.5,642.0,295.0,605.5,285.0,143.5009,37.8451,0.2637,1,1,123,1
122,3,1,30,0,0,1,0.1204,0.162,0.045,0.0471,1092.0,0.0,305.0,0.0,942.5,0.0,327.5,0.0,787.0,615.0,0.7814,1,0,0,0
123,2,0,0,1,1,1,0.9878,0.9873,0.9092,0.9121,929.5,347.0,794.5,339.0,887.5,399.5,831.0,394.0,135.2368,56.7671,0.4198,1,1,115,1
123,2,0,1,1,1,1,0.9912,0.9873,0.9395,0.9062,719.0,282.0,578.5,285.0,645.0,291.0,611.0,285.5,140.532,34.442,0.2451,1,1,124,1
124,3,1,0,1,1,1,0.9888,0.9858,0.9209,0.9072,927.0,343.5,792.5,335.5,887.5,399.0,831.5,385.0,134.7377,57.7235,0.4284,1,1,116,1
124,3,1,1,1,1,1,0.9907,0.9868,0.9282,0.9062,714.0,284.0,572.5,287.0,643.5,287.0,605.0,284.5,141.5318,38.5811,0.2726,1,1,125,1
124,3,1,31,0,0,1,0.0808,0.119,0.0489,0.0583,1031.0,0.0,251.5,0.0,904.0,0.0,238.0,0.0,779.5,666.0,0.8544,1,0,0,0
125,2,0,0,1,1,1,0.9878,0.9858,0.917,0.9082,925.0,343.0,791.5,335.5,887.5,400.0,831.5,394.0,133.7105,56.3205,0.4212,1,1,117,1
125,2,0,1,1,1,1,0.9917,0.9858,0.936,0.8994,719.5,282.0,573.5,284.5,642.0,287.0,614.0,294.0,146.0214,28.8617,0.1977,1,1,126,1
126,3,1,0,1,1,1,0.9873,0.9868,0.9126,0.9111,927.0,345.5,790.5,341.0,888.0,398.5,831.0,384.5,136.5742,58.6941,0.4298,1,1,118,1
126,3,1,1,1,1,1,0.9917,0.9854,0.9448,0.895,721.0,281.0,580.5,285.5,645.5,290.5,611.0,286.0,140.572,34.7922,0.2475,1,1,127,1
126,3,1,32,0,0,1,0.113,0.1399,0.0903,0.0801,1092.0,0.0,319.5,0.0,947.5,0.0,315.25,0.0,772.5,632.25,0.8184,1,0,0,0
127,3,1,0,1,1,1,0.9878,0.9873,0.9126,0.915,926.5,348.0,789.5,340.5,888.0,399.5,831.5,384.5,137.2051,58.4572,0.4261,1,1,119,1
127,3,1,1,1,1,1,0.9893,0.9863,0.9336,0.9033,723.0,282.5,583.0,285.0,646.0,290.5,611.0,286.5,140.0223,35.2278,0.2516,1,1,128,1
127,3,1,32,0,0,1,0.0989,0.1615,0.0411,0.053,1086.0,0.0,317.25,0.0,972.0,0.0,310.75,0.0,768.75,661.25,0.8602,1,0,0,0
128,2,0,0,1,1,1,0.9883,0.9863,0.915,0.9058,925.0,346.5,789.0,338.0,887.5,399.5,831.0,383.5,136.2654,58.7218,0.4309,1,1,120,1
128,2,0,1,1,1,1,0.9927,0.9849,0.9507,0.895,719.0,277.5,576.5,275.5,647.0,289.5,610.5,289.0,142.514,36.5034,0.2561,1,1,129,1
129,3,1,0,1,1,1,0.9854,0.9888,0.8833,0.8989,931.5,350.5,791.0,345.0,879.5,401.5,833.5,394.0,140.6076,46.6074,0.3315,1,1,121,1
129,3,1,1,1,1,1,0.9897,0.9868,0.9341,0.8994,721.0,278.0,573.5,280.0,652.5,296.5,609.0,295.0,147.5136,43.5259,0.2951,1,1,130,1
129,3,1,33,0,0,1,0.1039,0.1779,0.0508,0.0739,1030.0,0.0,247.5,0.0,914.5,0.0,239.75,0.0,782.5,674.75,0.8623,1,0,0,0
130,3,1,0,1,1,1,0.9883,0.9868,0.915,0.9092,926.0,343.5,793.5,335.0,887.0,399.0,832.0,385.0,132.7724,56.7539,0.4275,1,1,122,1
130,3,1,1,1,1,1,0.9912,0.9849,0.9448,0.8931,717.0,282.5,573.5,285.0,636.0,290.5,612.0,286.0,143.5218,24.4182,0.1701,1,1,131,1
130,3,1,33,0,0,1,0.1049,0.1587,0.0446,0.0539,1101.0,0.0,317.25,0.0,957.0,0.0,310.0,0.0,783.75,647.0,0.8255,1,0,0,0
131,2,0,0,1,1,1,0.9868,0.9863,0.9106,0.9097,926.0,346.0,791.5,339.5,888.0,400.0,831.0,393.5,134.657,57.3694,0.426,1,1,123,1
131,2,0,1,1,1,1,0.9912,0.9854,0.9312,0.8984,717.5,284.0,572.5,284.5,642.5,286.5,605.0,284.0,145.0009,37.5832,0.2592,1,1,132,1
132,3,1,0,1,1,1,0.9868,0.9863,0.9092,0.9082,926.0,351.5,790.5,345.0,888.0,400.0,831.5,384.5,135.6558,58.5875,0.4319,1,1,124,1
132,3,1,1,1,1,1,0.9912,0.9849,0.9336,0.8931,714.5,284.5,574.5,284.5,643.5,287.0,605.5,293.0,140.0,38.4708,0.2748,1,1,133,1
132,3,1,34,0,0,1,0.1138,0.1462,0.0536,0.0576,1036.0,0.0,272.25,0.0,919.0,0.0,295.0,0.0,763.75,624.0,0.817,1,0,0,0
133,3,1,0,1,1,1,0.9878,0.9858,0.916,0.9067,923.5,343.5,790.5,335.0,886.5,399.5,831.5,384.5,133.2713,57.0088,0.4278,1,1,125,1
133,3,1,1,1,1,1,0.9912,0.9854,0.9287,0.894,713.0,281.5,572.5,283.5,643.0,296.0,606.0,285.0,140.5142,38.6005,0.2747,1,1,134,1
133,3,1,34,0,0,1,0.1082,0.127,0.0484,0.0424,1080.0,0.0,314.5,0.0,981.5,0.0,298.75,0.0,765.5,682.75,0.8919,1,0,0,0
134,3,1,0,1,1,1,0.9893,0.9863,0.9199,0.9028,928.0,343.5,788.5,334.5,885.5,399.5,831.5,384.0,139.79,56.1805,0.4019,1,1,126,1
134,3,1,1,1,1,1,0.9897,0.9863,0.9365,0.8975,719.5,277.0,572.5,279.5,653.0,288.0,609.5,294.5,147.0213,43.983,0.2992,1,1,135,1
134,3,1,34,0,0,1,0.1207,0.1234,0.0529,0.0385,1089.0,0.0,306.25,0.0,981.5,0.0,291.5,0.0,782.75,690.0,0.8815,1,0,0,0
135,2,0,0,1,1,1,0.9849,0.9888,0.8887,0.9062,928.5,353.0,789.5,350.0,884.5,405.0,828.0,402.5,139.0324,56.5553,0.4068,1,1,127,1
135,2,0,1,1,1,1,0.9917,0.9858,0.9351,0.8975,714.5,284.5,574.0,284.0,643.0,286.5,605.5,293.5,140.5009,38.1477,0.2715,1,1,136,1
136,2,0,0,1,1,1,0.9893,0.9868,0.9229,0.9087,926.0,346.0,788.0,338.5,887.0,399.5,830.5,384.0,138.2037,58.5875,0.4239,1,1,128,1
136,2,0,1,1,1,1,0.9912,0.9844,0.9424,0.8901,719.0,279.0,579.5,283.0,645.0,290.5,612.0,295.5,139.5573,33.3766,0.2392,1,1,137,1
137,3,1,0,1,1,1,0.9888,0.9868,0.9165,0.9092,926.0,346.5,787.5,338.0,887.5,399.5,831.0,383.5,138.7606,58.7218,0.4232,1,1,129,1
137,3,1,1,1,1,1,0.9912,0.9849,0.9414,0.8862,720.0,287.0,576.0,287.5,638.0,290.0,612.0,286.0,144.0009,26.3059,0.1827,1,1,138,1
137,3,1,35,0,0,1,0.1274,0.1509,0.0499,0.049,1102.0,0.0,317.75,0.0,966.0,0.0,326.75,0.0,784.25,639.25,0.8151,1,0,0,0
138,2,0,0,1,1,1,0.9844,0.9893,0.8892,0.9087,931.5,351.5,788.0,351.0,884.0,406.5,828.5,412.0,143.5009,55.7719,0.3887,1,1,130,1
138,2,0,1,1,1,1,0.9907,0.9868,0.9434,0.9028,726.0,273.0,573.5,277.5,642.0,295.5,601.0,294.0,152.5664,41.0274,0.2689,1,1,139,1
139,2,0,0,1,1,1,0.9878,0.9858,0.9155,0.9053,926.5,346.0,790.5,338.5,888.0,399.0,831.5,384.5,136.2066,58.331,0.4283,1,1,131,1
139,2,0,1,1,1,1,0.9912,0.9858,0.9414,0.8979,719.0,284.0,582.5,285.0,645.0,290.0,612.0,295.5,136.5037,33.4552,0.2451,1,1,140,1
140,2,0,0,1,1,1,0.9883,0.9863,0.9146,0.9072,927.5,346.5,792.5,338.0,887.5,399.0,831.5,384.5,135.2673,57.8468,0.4276,1,1,132,1
140,2,0,1,1,1,1,0.9912,0.9858,0.9316,0.9014,713.5,277.0,575.5,276.0,643.0,295.0,615.0,286.0,138.0036,29.4109,0.2131,1,1,141,1
141,2,0,0,1,1,1,0.9888,0.9868,0.917,0.9082,924.5,346.0,788.5,338.0,887.0,399.0,831.0,384.0,136.2351,57.9741,0.4255,1,1,133,1
141,2,0,1,1,1,1,0.9912,0.9863,0.9409,0.8994,717.0,283.5,582.0,287.5,655.0,290.0,612.0,286.5,135.0592,43.1422,0.3194,1,1,142,1
142,2,0,0,1,1,1,0.9878,0.9883,0.8955,0.8916,933.5,348.0,792.0,341.0,878.0,402.0,833.0,403.5,141.673,45.025,0.3178,1,1,134,1
142,2,0,1,1,1,1,0.9912,0.9863,0.9316,0.9009,712.5,285.5,575.0,287.0,643.0,287.5,606.5,294.5,137.5082,37.1652,0.2703,1,1,143,1
143,2,0,0,1,1,1,0.9858,0.9873,0.8926,0.8945,932.0,346.5,787.0,344.0,878.5,401.5,833.0,394.0,145.0216,46.114,0.318,1,1,135,1
143,2,0,1,1,1,1,0.9917,0.9868,0.9419,0.9004,715.5,284.0,573.0,287.5,636.5,290.5,612.0,286.0,142.543,24.9098,0.1748,1,1,144,1
144,2,0,0,1,1,1,0.9888,0.9858,0.9209,0.9043,923.0,342.0,789.0,336.5,887.0,390.5,831.5,383.5,134.1128,55.9397,0.4171,1,1,136,1
144,2,0,1,1,1,1,0.9922,0.9844,0.9395,0.8931,715.5,286.0,573.5,285.0,641.5,287.0,606.0,285.5,142.0035,35.5317,0.2502,1,1,145,1
145,2,0,0,1,1,1,0.9888,0.9873,0.9189,0.9136,923.5,343.0,789.0,334.5,887.0,399.5,832.0,384.0,134.7683,57.1424,0.424,1,1,137,1
145,2,0,1,1,1,1,0.9917,0.9858,0.9458,0.897,713.0,285.0,579.0,286.5,647.0,291.0,611.5,286.0,134.0084,35.8504,0.2675,1,1,146,1
146,2,0,0,1,1,1,0.9897,0.9839,0.9258,0.8882,924.5,349.0,785.5,345.0,886.0,402.0,831.5,391.0,139.0575,55.599,0.3998,1,1,138,1
146,2,0,1,1,1,1,0.9902,0.9878,0.9346,0.9077,712.5,279.0,579.0,279.0,655.0,290.5,612.0,286.0,133.5,43.2348,0.3239,1,1,147,1
147,2,0,0,1,1,1,0.9883,0.9873,0.9189,0.9146,924.5,343.0,792.0,335.0,886.0,399.5,831.5,384.5,132.7413,56.5265,0.4258,1,1,139,1
147,2,0,1,1,1,1,0.9922,0.9839,0.9419,0.8901,714.5,281.5,575.0,280.5,642.5,287.0,606.0,285.5,139.5036,36.5308,0.2619,1,1,148,1
148,3,1,0,1,1,1,0.9888,0.9863,0.9214,0.9082,922.5,348.5,790.0,341.0,886.5,400.0,832.0,384.5,132.7121,56.6613,0.4269,1,1,140,1
148,3,1,1,1,1,1,0.9912,0.9868,0.9434,0.9058,721.0,284.5,581.5,287.5,654.0,290.5,611.0,287.0,139.5323,43.1422,0.3092,1,1,149,1
148,3,1,36,0,0,1,0.0909,0.1396,0.0428,0.0532,1050.0,0.0,245.75,0.0,930.0,0.0,254.75,0.0,804.25,675.25,0.8396,1,0,0,0
149,3,1,0,1,1,1,0.9878,0.9858,0.916,0.9077,925.0,346.5,791.0,339.0,886.5,399.5,831.0,384.0,134.2097,57.6238,0.4294,1,1,141,1
149,3,1,1,1,1,1,0.9897,0.9878,0.9316,0.9087,719.0,278.0,573.0,279.5,639.0,280.5,611.5,285.0,146.0077,27.8657,0.1909,1,1,150,1
149,3,1,36,0,0,1,0.1174,0.1583,0.0619,0.0661,1092.0,0.0,323.0,0.0,971.0,0.0,344.75,0.0,769.0,626.25,0.8144,1,0,0,0
150,3,1,0,1,1,1,0.9888,0.9844,0.9248,0.8999,925.0,343.5,792.0,335.0,886.5,399.5,831.5,384.5,133.2713,57.0088,0.4278,1,1,142,1
150,3,1,1,1,1,1,0.9902,0.9863,0.938,0.9019,718.0,285.0,576.0,285.0,637.0,290.5,611.5,285.0,142.0,26.0864,0.1837,1,1,151,1
150,3,1,36,0,0,1,0.0845,0.1105,0.0449,0.0448,1094.0,0.0,313.75,0.0,969.0,0.0,338.25,0.0,780.25,630.75,0.8084,1,0,0,0
151,2,0,0,1,1,1,0.9878,0.9858,0.9155,0.9062,925.0,344.0,791.0,334.5,886.5,399.5,831.5,384.0,134.3363,57.1424,0.4254,1,1,143,1
151,2,0,1,1,1,1,0.9917,0.9858,0.9438,0.8979,718.0,278.5,575.0,273.0,647.0,289.5,603.5,288.5,143.1057,43.5115,0.3041,1,1,152,1
152,2,0,0,1,1,1,0.9888,0.9858,0.9219,0.9062,923.0,343.0,790.0,335.0,886.5,399.5,831.5,384.5,133.2404,57.0088,0.4279,1,1,144,1
152,2,0,1,1,1,1,0.9902,0.9868,0.9365,0.9067,715.5,281.0,569.0,278.0,654.0,291.0,605.0,285.0,146.5307,49.366,0.3369,1,1,153,1
153,2,0,0,1,1,1,0.9883,0.9868,0.9155,0.9092,927.0,348.0,789.5,341.0,888.0,399.5,831.5,384.5,137.6781,58.4572,0.4246,1,1,145,1
153,2,0,1,1,1,1,0.9912,0.9854,0.938,0.9038,711.0,286.0,570.5,285.0,643.0,296.5,607.0,286.0,140.5036,37.5,0.2669,1,1,154,1
154,2,0,0,1,1,1,0.9893,0.9844,0.9229,0.8989,929.0,352.0,791.0,344.5,888.0,399.5,831.0,384.5,138.2037,58.9406,0.4265,1,1,146,1
154,2,0,1,1,1,1,0.9922,0.9854,0.9414,0.8979,714.5,285.5,573.5,284.5,634.0,287.0,605.5,285.0,141.0035,28.5701,0.2026,1,1,155,1
155,2,0,0,1,1,1,0.9897,0.9863,0.9253,0.9058,927.0,346.5,790.0,338.5,887.0,399.5,831.0,383.5,137.2334,58.2409,0.4244,1,1,147,1
155,2,0,1,1,1,1,0.9907,0.9883,0.9385,0.9131,717.0,284.0,572.5,287.5,646.0,289.5,612.5,286.0,144.5424,33.6823,0.233,1,1,156,1
156,2,0,0,1,1,1,0.9863,0.9873,0.9077,0.9043,932.0,351.0,795.0,350.0,883.0,405.0,828.0,393.5,137.0036,56.1894,0.4101,1,1,148,1
156,2,0,1,1,1,1,0.9922,0.9854,0.9404,0.897,712.0,284.0,571.0,283.5,644.0,286.5,605.0,284.0,141.0009,39.08,0.2772,1,1,157,1
157,3,1,1,1,1,1,0.9912,0.9844,0.9346,0.8936,714.5,288.0,574.5,288.5,644.5,286.5,606.0,285.0,140.0009,38.5292,0.2752,1,1,158,1
157,3,1,0,1,1,1,0.9888,0.9849,0.916,0.8916,927.5,348.5,786.5,347.0,887.0,401.0,831.5,391.0,141.008,56.3937,0.3999,1,1,149,1
157,3,1,37,0,0,1,0.1043,0.1366,0.0478,0.0471,1104.0,0.0,316.25,0.0,953.0,0.0,333.0,0.0,787.75,620.0,0.7871,1,0,0,0
158,2,0,0,1,1,1,0.9893,0.9858,0.9209,0.9048,924.0,343.5,789.0,334.5,895.5,400.5,832.0,384.0,135.2997,65.6087,0.4849,1,1,150,1
158,2,0,1,1,1,1,0.9922,0.9849,0.9385,0.8921,717.0,281.5,574.0,281.0,641.5,286.5,606.0,285.0,143.0009,35.5317,0.2485,1,1,159,1
159,2,0,0,1,1,1,0.9868,0.9873,0.9062,0.9136,924.0,349.0,788.0,340.5,887.0,400.0,832.0,384.5,136.2654,57.1424,0.4193,1,1,151,1
159,2,0,1,1,1,1,0.9922,0.9849,0.939,0.894,716.5,282.0,573.5,281.0,641.5,287.0,605.5,285.0,143.0035,36.0555,0.2521,1,1,160,1
160,2,0,0,1,1,1,0.9902,0.9824,0.9297,0.8799,924.0,346.5,786.5,346.0,887.0,402.5,832.5,400.5,137.5009,54.5367,0.3966,1,1,152,1
160,2,0,1,1,1,1,0.9922,0.9844,0.9399,0.894,716.0,281.5,573.0,280.0,641.5,287.0,606.0,285.5,143.0079,35.5317,0.2485,1,1,161,1
161,3,1,0,1,1,1,0.9873,0.9863,0.9116,0.9106,926.0,346.0,790.5,338.0,888.0,399.0,831.5,384.5,135.736,58.331,0.4297,1,1,153,1
161,3,1,1,1,1,1,0.9917,0.9858,0.9365,0.8999,716.5,284.5,573.0,284.0,642.0,286.0,605.5,284.5,143.5009,36.5308,0.2546,1,1,162,1
161,3,1,38,0,0,1,0.106,0.1395,0.0492,0.0505,1098.0,0.0,316.75,0.0,945.0,0.0,337.0,0.0,781.25,608.0,0.7782,1,0,0,0
162,2,0,0,1,1,1,0.9883,0.9849,0.9189,0.9009,927.0,352.5,786.0,344.0,887.0,400.0,832.0,384.0,141.256,57.28,0.4055,1,1,154,1
162,2,0,1,1,1,1,0.9922,0.9849,0.9429,0.9019,712.5,283.0,572.5,284.0,643.5,287.0,605.5,285.0,140.0036,38.0526,0.2718,1,1,163,1
163,3,1,0,1,1,1,0.9888,0.9849,0.9194,0.8999,928.5,346.5,788.0,338.5,886.0,399.0,831.0,384.0,140.7276,57.0088,0.4051,1,1,155,1
163,3,1,1,1,1,1,0.9917,0.9858,0.9375,0.9023,712.0,285.5,575.0,282.0,642.5,286.5,597.5,284.5,137.0447,45.0444,0.3287,1,1,164,1
163,3,1,39,0,0,1,0.1147,0.171,0.0552,0.0656,1112.0,0.0,327.5,0.0,956.0,0.0,327.75,0.0,784.5,628.25,0.8008,1,0,0,0
164,2,0,1,1,1,1,0.9917,0.9854,0.9341,0.8955,714.5,286.0,577.0,285.0,635.0,287.5,605.5,285.0,137.5036,29.6057,0.2153,1,1,165,1
164,2,0,0,1,1,1,0.9878,0.9868,0.9121,0.9116,926.0,352.0,788.5,343.5,887.0,399.5,831.0,384.0,137.7625,58.1055,0.4218,1,1,156,1
165,2,0,0,1,1,1,0.9883,0.9854,0.9199,0.9019,932.5,351.5,791.0,345.5,886.5,400.5,829.5,403.0,141.6272,57.0548,0.4029,1,1,157,1
165,2,0,1,1,1,1,0.9922,0.9849,0.9414,0.8994,711.0,281.5,572.5,278.0,643.0,286.5,597.5,284.0,138.5442,45.5686,0.3289,1,1,166,1
166,3,1,0,1,1,1,0.9883,0.9844,0.9253,0.9033,928.0,348.5,794.5,341.0,887.0,399.5,831.0,385.5,133.7105,57.7235,0.4317,1,1,158,1
166,3,1,1,1,1,1,0.9917,0.9858,0.9473,0.9009,714.0,284.5,575.5,284.0,637.5,281.0,611.0,285.5,138.5009,26.8794,0.1941,1,1,167,1
166,3,1,40,0,0,1,0.0955,0.1378,0.0366,0.0424,1030.0,0.0,263.25,0.0,940.0,0.0,264.0,0.0,766.75,676.0,0.8816,1,0,0,0
167,3,1,0,1,1,1,0.9863,0.9863,0.9028,0.9082,927.5,346.0,789.5,339.0,888.5,399.5,831.5,384.0,138.1774,59.0699,0.4275,1,1,159,1
167,3,1,1,1,1,1,0.9912,0.9844,0.9321,0.8896,713.0,285.0,576.0,285.0,644.0,287.0,606.5,285.5,137.0,37.53,0.2739,1,1,168,1
167,3,1,40,0,0,1,0.1296,0.1918,0.048,0.0565,1083.0,0.0,312.25,0.0,955.0,0.0,328.75,0.0,770.75,626.25,0.8125,1,0,0,0
168,2,0,0,1,1,1,0.9878,0.9858,0.9155,0.9053,925.0,352.0,788.0,344.5,887.5,400.5,831.0,393.0,137.2051,56.9956,0.4154,1,1,160,1
168,2,0,1,1,1,1,0.9917,0.9839,0.938,0.8896,711.5,281.5,573.0,280.5,643.0,288.0,606.0,294.0,138.5036,37.4833,0.2706,1,1,169,1
169,2,0,0,1,1,1,0.9888,0.9849,0.9189,0.9014,925.0,348.5,790.0,340.0,886.5,400.0,831.5,384.0,135.2673,57.28,0.4235,1,1,161,1
169,2,0,1,1,1,1,0.9927,0.9858,0.9468,0.894,713.0,276.0,571.5,273.0,646.5,290.0,604.0,287.5,141.5318,42.5735,0.3008,1,1,170,1
170,2,0,0,1,1,1,0.9893,0.9829,0.9272,0.8911,925.0,349.0,792.0,340.0,886.0,400.0,831.5,384.5,133.3042,56.6613,0.4251,1,1,162,1
170,2,0,1,1,1,1,0.9912,0.9873,0.9375,0.9028,716.5,286.5,571.5,287.0,645.0,290.0,604.0,284.5,145.0009,41.3673,0.2853,1,1,171,1
171,2,0,0,1,1,1,0.9878,0.9858,0.916,0.9062,924.0,348.5,788.5,340.0,887.0,400.0,832.0,384.5,135.7663,57.1424,0.4209,1,1,163,1
171,2,0,1,1,1,1,0.9917,0.9834,0.9385,0.8896,714.5,289.0,574.5,288.0,633.5,287.0,605.5,285.0,140.0036,28.0713,0.2005,1,1,172,1
172,2,0,0,1,1,1,0.9883,0.9854,0.9214,0.9062,928.5,351.5,792.0,344.0,888.0,399.5,831.0,384.5,136.7059,58.9406,0.4311,1,1,164,1
172,2,0,1,1,1,1,0.9927,0.9839,0.9419,0.8882,711.5,282.0,573.0,280.0,642.5,296.0,606.5,286.0,138.5144,37.3631,0.2697,1,1,173,1
173,3,1,0,1,1,1,0.9888,0.9868,0.917,0.9102,926.5,343.0,790.0,334.5,888.0,399.0,832.0,384.5,136.7644,57.8468,0.423,1,1,165,1
173,3,1,1,1,1,1,0.9927,0.9819,0.9443,0.8799,710.5,285.0,571.0,285.0,643.0,287.0,607.0,285.0,139.5,36.0555,0.2585,1,1,174,1
173,3,1,41,0,0,1,0.0989,0.1407,0.0505,0.0578,1097.0,0.0,314.75,0.0,960.0,0.0,316.75,0.0,782.25,643.25,0.8223,1,0,0,0
174,2,0,0,1,1,1,0.9888,0.9844,0.9248,0.8994,931.5,348.5,792.5,341.0,886.0,399.0,831.0,385.0,139.2022,56.7539,0.4077,1,1,166,1
174,2,0,1,1,1,1,0.9907,0.9854,0.9316,0.8999,711.5,281.5,574.5,281.0,635.0,288.0,605.5,285.5,137.0009,29.6057,0.2161,1,1,175,1
175,2,0,0,1,1,1,0.9883,0.9863,0.9126,0.9038,926.5,349.0,791.5,340.5,886.0,400.0,831.5,384.5,135.2673,56.6613,0.4189,1,1,167,1
175,2,0,1,1,1,1,0.9917,0.9854,0.9341,0.895,710.5,285.0,574.0,285.0,643.0,287.5,606.0,285.0,136.5,37.0844,0.2717,1,1,176,1
176,2,0,0,1,1,1,0.9893,0.9863,0.9209,0.9062,926.0,343.0,790.0,335.0,886.5,399.5,831.5,384.0,136.2351,57.1424,0.4194,1,1,168,1
176,2,0,1,1,1,1,0.9917,0.9844,0.9395,0.8945,715.5,284.5,574.0,285.0,642.0,287.5,605.0,293.5,141.5009,37.4833,0.2649,1,1,177,1
177,3,1,0,1,1,1,0.9893,0.9839,0.9233,0.8931,927.0,346.5,788.5,344.5,886.5,401.0,832.0,391.0,138.5144,55.4098,0.4,1,1,169,1
177,3,1,1,1,1,1,0.9878,0.9863,0.9272,0.9009,718.0,279.0,567.5,281.0,653.0,289.0,604.0,291.0,150.5133,49.0408,0.3258,1,1,178,1
177,3,1,42,0,0,1,0.1166,0.1477,0.0463,0.0463,1082.0,0.0,306.25,0.0,928.0,0.0,318.25,0.0,775.75,609.75,0.786,1,0,0,0
178,2,0,0,1,1,1,0.9883,0.9863,0.9185,0.9097,924.5,346.0,789.0,338.0,887.0,399.0,831.0,384.0,135.736,57.9741,0.4271,1,1,170,1
178,2,0,1,1,1,1,0.9907,0.9873,0.9346,0.9028,715.5,284.0,570.0,287.0,637.5,281.5,604.0,284.0,145.5309,33.5932,0.2308,1,1,179,1
179,2,0,0,1,1,1,0.9883,0.9863,0.9165,0.9077,924.0,349.0,788.0,340.5,887.0,400.5,832.0,393.5,136.2654,55.4437,0.4069,1,1,171,1
179,2,0,1,1,1,1,0.9922,0.9854,0.9399,0.897,715.0,286.0,575.0,282.0,634.0,287.0,605.5,285.0,140.0571,28.5701,0.204,1,1,180,1
180,2,0,0,1,1,1,0.9893,0.9863,0.9214,0.9048,924.5,343.0,788.5,334.0,887.0,399.0,831.5,384.0,136.2975,57.4913,0.4218,1,1,172,1
180,2,0,1,1,1,1,0.9907,0.9878,0.9375,0.9116,715.0,288.0,574.0,281.5,638.0,290.0,603.5,285.0,141.1497,34.8604,0.247,1,1,181,1
181,2,0,0,1,1,1,0.9878,0.9863,0.917,0.9102,924.0,351.5,789.0,344.5,887.0,400.0,831.0,384.0,135.1814,58.2409,0.4308,1,1,173,1
181,2,0,1,1,1,1,0.9912,0.9868,0.9395,0.9038,716.5,284.0,573.5,287.5,637.5,290.0,612.5,286.5,143.0428,25.2438,0.1765,1,1,182,1
182,3,1,0,1,1,1,0.9883,0.9858,0.916,0.9077,923.0,349.0,789.0,340.5,887.0,401.0,832.0,393.5,134.2693,55.509,0.4134,1,1,174,1
182,3,1,1,1,1,1,0.9917,0.9854,0.9351,0.8965,715.0,289.0,574.0,288.5,641.5,287.0,606.0,285.5,141.0009,35.5317,0.252,1,1,183,1
182,3,1,43,0,0,1,0.0925,0.1388,0.0441,0.0582,1036.0,0.0,251.0,0.0,910.5,0.0,265.75,0.0,785.0,644.75,0.8213,1,0,0,0
183,3,1,0,1,1,1,0.9868,0.9858,0.9116,0.9087,925.5,348.0,791.5,340.5,888.0,399.5,832.0,384.5,134.2097,57.9741,0.432,1,1,175,1
183,3,1,1,1,1,1,0.9907,0.9878,0.938,0.9092,712.0,282.5,571.5,285.0,638.0,290.5,595.0,293.0,140.5222,43.0726,0.3065,1,1,184,1
183,3,1,43,0,0,1,0.1312,0.1584,0.0542,0.0528,1092.0,0.0,301.75,0.0,951.5,0.0,309.75,0.0,790.25,641.75,0.8121,1,0,0,0
184,2,0,0,1,1,1,0.9883,0.9863,0.917,0.9082,929.0,348.0,789.5,340.0,885.5,390.5,831.0,383.5,139.7292,54.9477,0.3932,1,1,176,1
184,2,0,1,1,1,1,0.9922,0.9868,0.937,0.9014,716.0,281.0,572.0,281.0,642.5,287.0,605.5,293.0,144.0,37.4833,0.2603,1,1,185,1
185,2,0,0,1,1,1,0.9878,0.9863,0.9175,0.9082,923.5,348.5,789.5,340.0,886.5,400.0,832.0,384.5,134.2693,56.6613,0.422,1,1,177,1
185,2,0,1,1,1,1,0.9917,0.9844,0.936,0.8945,716.0,281.0,572.5,280.0,642.0,286.5,606.0,285.0,143.5035,36.0312,0.2511,1,1,186,1
186,2,0,0,1,1,1,0.9873,0.9858,0.9082,0.9053,925.0,352.5,784.0,343.5,887.0,408.5,832.5,384.0,141.2869,59.7537,0.4229,1,1,178,1
186,2,0,1,1,1,1,0.9917,0.9863,0.9399,0.8926,711.0,283.0,569.5,284.0,638.0,290.0,604.0,284.0,141.5035,34.5254,0.244,1,1,187,1
187,3,1,0,1,1,1,0.9868,0.9863,0.9116,0.9097,926.0,352.0,791.0,343.5,886.5,399.5,831.5,384.0,135.2673,57.1424,0.4224,1,1,179,1
187,3,1,1,1,1,1,0.9917,0.9873,0.9399,0.9033,709.5,281.0,564.0,284.0,638.0,290.0,596.0,284.0,145.5309,42.4264,0.2915,1,1,188,1
187,3,1,44,0,0,1,0.092,0.1169,0.0457,0.0503,1036.0,0.0,245.25,0.0,903.5,0.0,256.0,0.0,790.75,647.5,0.8188,1,0,0,0
188,3,1,0,1,1,1,0.9883,0.9849,0.918,0.8984,923.0,352.0,790.0,344.0,886.5,400.0,831.5,384.0,133.2404,57.28,0.4299,1,1,180,1
188,3,1,1,1,1,1,0.9922,0.9858,0.936,0.8989,715.0,285.0,573.5,284.0,634.0,287.0,605.0,293.5,141.5035,29.7195,0.21,1,1,189,1
188,3,1,44,0,0,1,0.0793,0.1084,0.0508,0.0553,1107.0,0.0,322.0,0.0,976.0,0.0,316.5,0.0,785.0,659.5,0.8401,1,0,0,0
189,2,0,0,1,1,1,0.9883,0.9844,0.9189,0.9009,927.5,352.0,788.5,344.0,887.5,399.5,832.5,384.5,139.23,57.0088,0.4095,1,1,181,1
189,2,0,1,1,1,1,0.9922,0.9819,0.9414,0.8823,714.5,282.0,573.5,280.5,633.5,288.0,605.5,294.5,141.008,28.7446,0.2039,1,1,190,1
190,2,0,0,1,1,1,0.9858,0.9863,0.9077,0.9146,925.0,351.5,791.0,344.5,888.0,399.5,831.5,385.0,134.1827,58.331,0.4347,1,1,182,1
190,2,0,1,1,1,1,0.9912,0.9858,0.9326,0.8989,716.0,288.0,573.0,290.5,642.0,287.0,605.5,294.0,143.0219,37.1652,0.2599,1,1,191,1
191,2,0,0,1,1,1,0.9883,0.9849,0.9189,0.8989,931.5,348.5,789.5,342.0,887.0,401.0,830.0,403.0,142.1487,57.0351,0.4012,1,1,183,1
191,2,0,1,1,1,1,0.9922,0.9854,0.9419,0.8979,715.5,288.5,572.0,287.5,642.5,286.0,605.0,285.0,143.5035,37.5133,0.2614,1,1,192,1
192,3,1,0,1,1,1,0.9858,0.9858,0.9028,0.8931,931.0,354.5,792.5,347.0,875.5,404.5,829.0,402.5,138.7029,46.543,0.3356,1,1,184,1
192,3,1,1,1,1,1,0.9912,0.9849,0.9336,0.9019,715.0,279.0,569.0,281.0,644.0,286.0,596.5,285.0,146.0137,47.5105,0.3254,1,1,193,1
192,3,1,45,0,0,1,0.0959,0.1481,0.0501,0.0619,1056.0,0.0,260.0,0.0,938.0,0.0,272.0,0.0,796.0,666.0,0.8367,1,0,0,0
193,3,1,0,1,1,1,0.9849,0.9873,0.9014,0.9053,931.0,354.0,791.0,349.5,874.5,404.0,829.5,394.0,140.0723,46.0977,0.3291,1,1,185,1
193,3,1,1,1,1,1,0.9873,0.9868,0.9214,0.9009,715.5,280.5,565.5,283.0,644.0,297.5,604.0,292.0,150.0208,40.3764,0.2691,1,1,194,1
193,3,1,45,0,0,1,0.1201,0.1552,0.0571,0.0627,1032.0,0.0,252.0,0.0,925.5,0.0,230.0,0.0,780.0,695.5,0.8917,1,0,0,0
194,3,1,0,1,1,1,0.9893,0.9854,0.9253,0.9058,927.0,349.0,793.0,341.0,887.0,408.0,831.5,385.5,134.2386,59.8874,0.4461,1,1,186,1
194,3,1,1,1,1,1,0.9902,0.9878,0.9312,0.9087,711.0,283.5,570.0,282.0,639.5,289.5,596.0,284.0,141.008,43.8463,0.3109,1,1,195,1
194,3,1,45,0,0,1,0.106,0.1497,0.0474,0.0579,1019.0,0.0,249.0,0.0,933.5,0.0,270.0,0.0,770.0,663.5,0.8617,1,0,0,0
195,3,1,0,1,1,1,0.9868,0.9873,0.9126,0.9155,930.0,349.0,789.5,341.5,888.0,400.0,832.0,384.5,140.7,58.1055,0.413,1,1,187,1
195,3,1,1,1,1,1,0.9863,0.9858,0.9204,0.897,713.0,288.5,572.0,286.0,654.5,299.0,603.5,301.5,141.0222,51.0612,0.3621,1,1,196,1
195,3,1,45,0,0,1,0.1172,0.1826,0.0393,0.052,1093.0,0.0,313.25,0.0,984.0,0.0,320.5,0.0,779.75,663.5,0.8509,1,0,0,0
196,2,0,0,1,1,1,0.9868,0.9868,0.9116,0.9111,928.5,352.0,794.0,344.5,888.0,400.5,830.5,403.0,134.7089,57.5543,0.4272,1,1,188,1
196,2,0,1,1,1,1,0.9917,0.9858,0.9341,0.9019,711.0,285.0,565.5,288.0,643.5,286.5,605.5,285.0,145.5309,38.0296,0.2613,1,1,197,1
197,2,0,0,1,1,1,0.9878,0.9868,0.9102,0.9092,927.0,349.0,789.5,341.0,888.0,409.0,822.0,403.0,137.7325,66.2722,0.4812,1,1,189,1
197,2,0,1,1,1,1,0.9868,0.9868,0.9214,0.8994,715.0,283.0,563.5,287.0,645.0,298.0,596.0,291.5,151.5528,49.4292,0.3262,1,1,198,1
198,3,1,0,1,1,1,0.9888,0.9858,0.9204,0.9053,933.5,349.0,790.0,341.5,886.0,399.5,832.0,385.0,143.6959,55.9129,0.3891,1,1,190,1
198,3,1,1,1,1,1,0.9917,0.9844,0.936,0.8945,713.0,277.0,570.0,280.5,636.0,287.0,597.5,294.0,143.0428,39.1312,0.2736,1,1,199,1
198,3,1,46,0,0,1,0.1132,0.1348,0.045,0.0408,1082.0,0.0,304.5,0.0,973.0,0.0,329.5,0.0,777.5,643.5,0.8277,1,0,0,0
199,3,1,0,1,1,1,0.9888,0.9849,0.9233,0.8999,929.0,349.0,795.0,342.0,887.0,400.5,830.0,403.5,134.1827,57.0789,0.4254,1,1,191,1
199,3,1,1,1,1,1,0.9893,0.9883,0.9268,0.9087,714.5,282.0,568.5,285.5,638.5,290.0,596.0,284.5,146.0419,42.8544,0.2934,1,1,200,1
199,3,1,46,0,0,1,0.1207,0.135,0.0487,0.0476,1038.0,0.0,245.25,0.0,948.0,0.0,265.5,0.0,792.75,682.5,0.8609,1,0,0,0
200,2,0,0,1,1,1,0.9878,0.9844,0.9189,0.8999,928.5,352.5,793.5,345.0,887.5,400.5,830.5,403.0,135.2082,57.0548,0.422,1,1,192,1
200,2,0,1,1,1,1,0.9897,0.9873,0.9316,0.9062,709.5,281.5,564.0,284.5,638.0,290.5,595.5,284.0,145.5309,42.9942,0.2954,1,1,201,1
201,3,1,0,1,1,1,0.9868,0.9873,0.9116,0.9126,927.5,347.5,794.0,339.0,886.5,400.5,830.0,402.5,133.7703,56.5354,0.4226,1,1,193,1
201,3,1,1,1,1,1,0.9922,0.9849,0.937,0.8965,710.5,282.5,567.0,282.0,635.0,288.0,597.0,294.0,143.5009,38.4708,0.2681,1,1,202,1
201,3,1,47,0,0,1,0.1072,0.1361,0.0486,0.0498,1034.0,0.0,259.75,0.0,931.5,0.0,246.5,0.0,774.25,685.0,0.8847,1,0,0,0
202,3,1,0,1,1,1,0.9878,0.9878,0.9126,0.915,929.5,347.0,793.0,338.0,888.0,399.0,831.5,393.5,136.7964,56.7671,0.415,1,1,194,1
202,3,1,1,1,1,1,0.9917,0.9849,0.937,0.8965,706.0,286.5,567.0,286.0,644.5,288.0,597.5,293.5,139.0009,47.3207,0.3404,1,1,203,1
202,3,1,47,0,0,1,0.0942,0.1273,0.0626,0.0609,1109.0,0.0,311.0,0.0,953.0,0.0,323.25,0.0,798.0,629.75,0.7892,1,0,0,0
203,3,1,0,1,1,1,0.9883,0.9849,0.9185,0.897,924.0,346.0,791.0,338.5,887.5,401.0,830.5,403.0,133.2113,57.0351,0.4282,1,1,195,1
203,3,1,1,1,1,1,0.9907,0.9868,0.9355,0.9019,707.0,284.0,561.5,285.0,638.5,291.5,596.5,293.5,145.5034,42.0476,0.289,1,1,204,1
203,3,1,47,0,0,1,0.1343,0.1708,0.0765,0.0731,1102.0,0.0,315.5,0.0,971.0,0.0,328.0,0.0,786.5,643.0,0.8175,1,0,0,0
204,3,1,0,1,1,1,0.9868,0.9854,0.9102,0.8916,928.5,349.5,786.5,346.5,875.5,405.5,829.0,411.5,142.0317,46.8855,0.3301,1,1,196,1
204,3,1,1,1,1,1,0.9893,0.9878,0.936,0.9146,712.0,284.5,565.5,287.0,646.0,287.0,595.0,293.0,146.5213,51.3517,0.3505,1,1,205,1
204,3,1,47,0,0,1,0.0981,0.1346,0.0424,0.0482,1041.0,0.0,249.0,0.0,939.0,0.0,275.75,0.0,792.0,663.25,0.8374,1,0,0,0
205,3,1,0,1,1,1,0.9888,0.9863,0.9199,0.9082,928.0,349.5,793.5,340.5,887.5,408.5,832.0,394.5,134.8008,57.2385,0.4246,1,1,197,1
205,3,1,1,1,1,1,0.9907,0.9863,0.9346,0.8999,707.0,283.5,567.0,287.0,638.5,291.0,604.5,285.0,140.0437,34.5254,0.2465,1,1,206,1
205,3,1,47,0,0,1,0.1101,0.1658,0.0446,0.0577,1044.0,0.0,240.0,0.0,912.0,0.0,283.5,0.0,804.0,628.5,0.7817,1,0,0,0
206,3,1,0,1,1,1,0.9878,0.9863,0.9131,0.9048,927.5,353.5,791.5,345.0,887.0,409.5,830.0,403.5,136.2654,57.3149,0.4206,1,1,198,1
206,3,1,1,1,1,1,0.9922,0.9854,0.9429,0.8892,711.0,276.0,567.5,276.5,647.0,291.5,595.0,296.0,143.5009,52.1943,0.3637,1,1,207,1
206,3,1,47,0,0,1,0.1091,0.1656,0.0455,0.0531,1102.0,0.0,311.5,0.0,944.0,0.0,309.25,0.0,790.5,634.75,0.803,1,0,0,0
207,3,1,0,1,1,1,0.9868,0.9863,0.9106,0.9082,925.5,351.0,792.0,343.5,888.0,401.0,831.0,403.5,133.7105,57.0548,0.4267,1,1,199,1
207,3,1,1,1,1,1,0.9907,0.9863,0.9277,0.9004,714.0,284.0,568.5,283.0,643.0,288.0,597.0,294.0,145.5034,46.3897,0.3188,1,1,208,1
207,3,1,47,0,0,1,0.1124,0.1422,0.0536,0.0489,1122.0,0.0,318.75,0.0,968.0,0.0,361.75,0.0,803.25,606.25,0.7547,1,0,0,0
208,3,1,0,1,1,1,0.9858,0.9863,0.9062,0.9102,924.0,354.5,790.0,346.0,887.5,400.5,831.5,393.5,134.2693,56.4358,0.4203,1,1,200,1
208,3,1,1,1,1,1,0.9897,0.9888,0.9243,0.9126,707.0,283.0,566.0,287.0,638.5,291.0,596.0,293.5,141.0567,42.5735,0.3018,1,1,209,1
208,3,1,47,0,0,1,0.111,0.1552,0.0497,0.0525,1086.0,0.0,315.75,0.0,955.0,0.0,310.5,0.0,770.25,644.5,0.8367,1,0,0,0
209,2,0,0,1,1,1,0.9893,0.9854,0.9233,0.9019,927.0,353.0,791.5,343.5,886.5,408.5,831.5,393.5,135.8326,57.0088,0.4197,1,1,201,1
209,2,0,1,1,1,1,0.9917,0.9858,0.9321,0.8984,710.5,287.0,566.0,286.5,643.0,288.0,597.0,294.0,144.5009,46.3897,0.321,1,1,210,1
210,2,0,0,1,1,1,0.9888,0.9839,0.9243,0.897,924.0,353.5,790.0,348.5,887.0,400.5,831.0,393.5,134.0933,56.4358,0.4209,1,1,202,1
210,2,0,1,1,1,1,0.9917,0.9863,0.9312,0.8975,712.0,282.0,565.0,284.5,635.5,287.5,596.5,285.0,147.0213,39.08,0.2658,1,1,211,1
211,3,1,0,1,1,1,0.9883,0.9863,0.9141,0.9072,928.0,347.5,792.0,339.5,888.0,408.5,830.5,403.0,136.2351,57.7624,0.424,1,1,203,1
211,3,1,1,1,1,1,0.9912,0.9863,0.9375,0.894,708.0,283.0,566.0,287.0,638.5,291.0,595.0,284.0,142.0563,44.0596,0.3102,1,1,212,1
211,3,1,48,0,0,1,0.1161,0.1487,0.0504,0.0506,1105.0,0.0,300.5,0.0,970.0,0.0,328.0,0.0,804.5,642.0,0.798,1,0,0,0
212,2,0,0,1,1,1,0.9883,0.9849,0.915,0.8965,926.0,346.0,793.0,341.0,888.0,409.0,830.5,404.0,133.094,57.717,0.4337,1,1,204,1
212,2,0,1,1,1,1,0.9922,0.9854,0.938,0.9004,714.5,282.0,566.5,285.0,644.0,287.0,597.0,295.0,148.0304,47.676,0.3221,1,1,213,1
213,2,0,0,1,1,1,0.9878,0.9854,0.9199,0.9067,928.0,349.0,796.5,341.5,887.0,400.5,831.5,394.5,131.7137,55.8234,0.4238,1,1,205,1
213,2,0,1,1,1,1,0.9897,0.9883,0.9292,0.9116,709.5,278.0,566.5,282.5,647.0,290.0,596.0,285.0,143.0708,51.2445,0.3582,1,1,214,1
214,3,1,0,1,1,1,0.9897,0.9834,0.9258,0.8901,929.0,350.0,790.0,345.0,887.0,411.0,832.0,401.0,139.0899,55.9017,0.4019,1,1,206,1
214,3,1,1,1,1,1,0.9878,0.9858,0.9321,0.9033,712.0,283.0,561.5,283.0,646.5,298.5,596.0,300.5,150.5,50.5396,0.3358,1,1,215,1
214,3,1,49,0,0,1,0.0895,0.1108,0.044,0.0405,1096.0,0.0,310.0,0.0,972.0,0.0,318.5,0.0,786.0,653.5,0.8314,1,0,0,0
215,2,0,0,1,1,1,0.9878,0.9873,0.9111,0.9106,925.5,349.5,790.0,340.5,887.0,401.0,831.0,402.5,135.7986,56.0201,0.4125,1,1,207,1
215,2,0,1,1,1,1,0.9912,0.9863,0.9268,0.8975,714.0,283.0,569.5,285.0,634.0,287.0,597.0,285.0,144.5138,37.054,0.2564,1,1,216,1
216,3,1,0,1,1,1,0.9883,0.9858,0.917,0.9004,929.0,350.5,793.0,342.0,887.0,418.0,821.5,403.5,136.2654,67.0858,0.4923,1,1,208,1
216,3,1,1,1,1,1,0.9912,0.9849,0.9336,0.9004,711.5,283.0,567.0,281.5,644.0,296.5,597.5,295.0,144.5078,46.5242,0.3219,1,1,217,1
216,3,1,50,0,0,1,0.1014,0.1265,0.0577,0.0637,1028.0,0.0,253.0,0.0,943.5,0.0,314.25,0.0,775.0,629.25,0.8119,1,0,0,0
217,2,0,0,1,1,1,0.9888,0.9858,0.9194,0.9058,927.5,349.5,792.0,341.0,887.5,408.5,832.0,394.5,135.7663,57.2385,0.4216,1,1,209,1
217,2,0,1,1,1,1,0.9912,0.9839,0.9326,0.8867,715.5,283.0,571.0,283.0,644.0,287.5,596.5,294.0,144.5,47.9427,0.3318,1,1,218,1
218,2,0,0,1,1,1,0.9888,0.9834,0.9219,0.8921,929.0,350.0,792.0,345.5,886.5,411.0,832.5,410.5,137.0739,54.0023,0.394,1,1,210,1
218,2,0,1,1,1,1,0.9907,0.9868,0.9336,0.8989,710.0,283.0,563.0,285.0,640.0,290.5,596.5,284.5,147.0136,43.9118,0.2987,1,1,219,1
219,3,1,0,1,1,1,0.9893,0.9868,0.918,0.9023,926.5,349.5,791.5,340.5,886.5,401.0,831.0,402.5,135.2997,55.5203,0.4104,1,1,211,1
219,3,1,1,1,1,1,0.9902,0.9883,0.9399,0.9102,706.5,280.5,566.5,284.5,646.5,287.0,595.0,294.0,140.0571,51.9736,0.3711,1,1,220,1
219,3,1,51,0,0,1,0.0955,0.1279,0.0398,0.0416,1106.0,0.0,322.0,0.0,949.0,0.0,343.75,0.0,784.0,605.25,0.772,1,0,0,0
220,3,1,0,1,1,1,0.9849,0.9883,0.8979,0.9082,929.0,350.5,786.0,347.0,884.0,415.5,829.5,412.5,143.0428,54.5825,0.3816,1,1,212,1
220,3,1,1,1,1,1,0.9902,0.9863,0.9365,0.9023,708.5,284.0,570.0,287.0,638.0,282.5,595.5,293.5,138.5325,43.9005,0.3169,1,1,221,1
220,3,1,51,0,0,1,0.085,0.1305,0.0435,0.0537,1062.0,0.0,245.25,0.0,913.5,0.0,263.0,0.0,816.75,650.5,0.7964,1,0,0,0
221,3,1,0,1,1,1,0.9868,0.9873,0.9072,0.9004,926.0,354.0,788.5,350.5,876.0,414.0,828.5,412.5,137.5445,47.5237,0.3455,1,1,213,1
221,3,1,1,1,1,1,0.9912,0.9878,0.937,0.9067,706.5,283.0,567.0,284.0,638.5,290.0,596.0,284.0,139.5036,42.9214,0.3077,1,1,222,1
221,3,1,51,0,0,1,0.106,0.1696,0.0376,0.0495,1112.0,0.0,307.0,0.0,974.0,0.0,337.0,0.0,805.0,637.0,0.7913,1,0,0,0
222,3,1,0,1,1,1,0.9849,0.9863,0.9023,0.9014,925.0,347.0,786.5,343.5,875.5,415.0,830.0,412.5,138.5442,45.5686,0.3289,1,1,214,1
222,3,1,1,1,1,1,0.9893,0.9878,0.9258,0.9048,713.0,283.0,566.0,285.5,638.0,291.0,596.0,293.5,147.0213,42.0743,0.2862,1,1,223,1
222,3,1,51,0,0,1,0.0917,0.1514,0.0411,0.056,1039.0,0.0,264.0,0.0,932.0,0.0,247.0,0.0,775.0,685.0,0.8839,1,0,0,0
223,2,0,0,1,1,1,0.9858,0.9873,0.8975,0.896,929.0,353.5,786.5,347.5,885.0,415.5,829.5,413.0,142.6263,55.5563,0.3895,1,1,215,1
223,2,0,1,1,1,1,0.9907,0.9858,0.9395,0.9014,708.0,278.5,568.5,282.5,639.0,290.5,595.5,285.0,139.5573,43.8463,0.3142,1,1,224,1
224,2,0,0,1,1,1,0.9878,0.9844,0.9189,0.9019,928.5,350.0,794.0,341.5,887.5,409.5,830.5,404.0,134.7683,57.2647,0.4249,1,1,216,1
224,2,0,1,1,1,1,0.9863,0.9863,0.9219,0.9028,713.0,285.5,569.0,287.0,645.0,299.0,604.0,302.0,144.0078,41.1096,0.2855,1,1,225,1
225,2,0,0,1,1,1,0.9883,0.9878,0.9058,0.9087,930.0,350.0,792.0,342.0,888.0,409.5,830.5,403.5,138.2317,57.8122,0.4182,1,1,217,1
225,2,0,1,1,1,1,0.9868,0.9868,0.9238,0.9053,718.0,286.5,565.5,286.5,644.0,297.5,595.0,291.5,152.5,49.366,0.3237,1,1,226,1
226,3,1,0,1,1,1,0.9888,0.9839,0.9243,0.8994,926.5,351.5,788.0,344.0,888.5,409.5,831.5,404.0,138.7029,57.2647,0.4129,1,1,218,1
226,3,1,1,1,1,1,0.9897,0.9883,0.9287,0.9116,713.0,279.0,567.5,283.5,639.0,281.0,605.0,285.0,145.5696,34.2345,0.2352,1,1,227,1
226,3,1,52,0,0,1,0.1182,0.1591,0.0436,0.0492,1033.0,0.0,254.25,0.0,929.0,0.0,241.0,0.0,778.75,688.0,0.8835,1,0,0,0
227,3,1,0,1,1,1,0.9878,0.9854,0.9097,0.8989,928.0,351.0,786.5,342.0,887.0,419.0,831.5,404.0,141.7859,57.4913,0.4055,1,1,219,1
227,3,1,1,1,1,1,0.9873,0.9858,0.9263,0.8984,717.5,288.0,568.0,286.5,645.0,289.0,603.0,301.0,149.5075,43.6807,0.2922,1,1,228,1
227,3,1,52,0,0,1,0.1002,0.1439,0.0403,0.0481,1050.0,0.0,241.5,0.0,921.0,0.0,286.5,0.0,808.5,634.5,0.7848,1,0,0,0
228,3,1,0,1,1,1,0.9849,0.9863,0.9033,0.9048,928.5,352.0,790.0,345.5,884.0,415.5,829.5,413.0,138.6524,54.5573,0.3935,1,1,220,1
228,3,1,1,1,1,1,0.9883,0.9873,0.9224,0.9102,712.0,280.0,572.0,284.0,638.5,291.0,604.5,295.0,140.0571,34.2345,0.2444,1,1,229,1
228,3,1,52,0,0,1,0.0947,0.1108,0.0481,0.0404,1100.0,0.0,330.25,0.0,951.0,0.0,327.0,0.0,769.75,624.0,0.8107,1,0,0,0
229,3,1,0,1,1,1,0.9873,0.9849,0.9141,0.9038,924.0,351.5,787.0,344.0,888.0,410.0,831.5,404.0,137.2051,56.8177,0.4141,1,1,221,1
229,3,1,1,1,1,1,0.9902,0.9868,0.9365,0.9053,714.0,277.5,569.5,280.5,638.5,280.5,596.0,284.0,144.5311,42.6439,0.295,1,1,230,1
229,3,1,52,0,0,1,0.1245,0.1436,0.0484,0.048,1045.0,0.0,259.25,0.0,929.0,0.0,313.5,0.0,785.75,615.5,0.7833,1,0,0,0
230,3,1,0,1,1,1,0.9844,0.9863,0.8989,0.9028,932.0,355.0,789.0,347.5,875.0,414.0,829.0,412.5,143.1965,46.0245,0.3214,1,1,222,1
230,3,1,1,1,1,1,0.9902,0.9873,0.9341,0.9028,714.0,284.0,567.5,285.0,646.0,281.5,595.5,284.0,146.5034,50.5618,0.3451,1,1,231,1
230,3,1,52,0,0,1,0.1126,0.1444,0.0448,0.0469,1094.0,0.0,297.75,0.0,956.0,0.0,292.0,0.0,796.25,664.0,0.8339,1,0,0,0
231,3,1,0,1,1,1,0.9873,0.9873,0.9077,0.9102,927.5,347.0,794.0,335.5,888.0,408.5,831.0,403.5,133.9944,57.2189,0.427,1,1,223,1
231,3,1,1,1,1,1,0.9917,0.9829,0.9395,0.8892,712.5,283.5,571.0,283.0,642.5,288.0,597.0,294.0,141.5009,45.8939,0.3243,1,1,232,1
231,3,1,52,0,0,1,0.1265,0.1454,0.0577,0.0533,1073.0,0.0,308.75,0.0,946.0,0.0,342.75,0.0,764.25,603.25,0.7893,1,0,0,0
232,2,0,0,1,1,1,0.9893,0.9829,0.9233,0.8833,928.0,353.0,790.5,345.5,887.0,411.0,832.5,401.0,137.7044,55.4098,0.4024,1,1,224,1
232,2,0,1,1,1,1,0.9888,0.9883,0.9321,0.9106,716.5,277.0,570.0,279.5,645.0,287.0,602.0,294.0,146.5213,43.566,0.2973,1,1,233,1
233,3,1,0,1,1,1,0.9888,0.9858,0.9194,0.9038,925.5,350.5,790.5,341.5,886.5,419.0,830.5,404.0,135.2997,57.9741,0.4285,1,1,225,1
233,3,1,1,1,1,1,0.9912,0.9863,0.9375,0.896,711.0,284.5,564.0,288.5,638.5,292.0,595.5,293.5,147.0544,43.0262,0.2926,1,1,234,1
233,3,1,53,0,0,1,0.1038,0.1501,0.0439,0.0555,1044.0,0.0,263.0,0.0,908.0,0.0,285.5,0.0,781.0,622.5,0.7971,1,0,0,0
234,3,1,0,1,1,1,0.9878,0.9863,0.9126,0.9043,929.0,350.0,794.0,342.0,887.0,418.0,831.0,404.5,135.2368,57.6043,0.426,1,1,226,1
234,3,1,1,1,1,1,0.9917,0.9844,0.9355,0.8926,714.0,283.0,569.5,285.0,635.0,287.0,605.0,285.5,144.5138,30.0375,0.2079,1,1,235,1
234,3,1,53,0,0,1,0.0901,0.1088,0.0496,0.0479,1036.0,0.0,249.5,0.0,904.0,0.0,229.25,0.0,786.5,674.75,0.8579,1,0,0,0
235,3,1,0,1,1,1,0.9849,0.9873,0.8994,0.9043,932.0,343.5,788.5,338.5,883.5,416.0,829.5,412.5,143.5871,54.1133,0.3769,1,1,227,1
235,3,1,1,1,1,1,0.9917,0.9844,0.9365,0.8955,713.0,283.0,570.5,285.0,642.5,287.0,605.5,286.0,142.514,37.0135,0.2597,1,1,236,1
235,3,1,53,0,0,1,0.1152,0.1495,0.0439,0.0478,1096.0,0.0,320.75,0.0,943.0,0.0,356.25,0.0,775.25,586.75,0.7569,1,0,0,0
236,2,0,0,1,1,1,0.9883,0.9849,0.9165,0.897,924.5,352.5,789.0,343.5,887.0,419.0,831.0,404.0,135.7986,57.9741,0.4269,1,1,228,1
236,2,0,1,1,1,1,0.9907,0.9873,0.9404,0.9141,711.0,284.0,572.0,285.0,639.0,290.0,595.0,294.0,139.0036,44.1814,0.3178,1,1,237,1
237,3,1,0,1,1,1,0.9888,0.9858,0.9155,0.8975,926.0,350.0,791.0,340.5,886.5,409.5,831.0,403.0,135.3338,55.8793,0.4129,1,1,229,1
237,3,1,1,1,1,1,0.9907,0.9873,0.9355,0.9033,710.0,285.0,565.5,288.0,638.5,291.5,605.0,294.5,144.5311,33.6341,0.2327,1,1,238,1
237,3,1,54,0,0,1,0.1,0.1434,0.0369,0.0426,1109.0,0.0,309.5,0.0,929.0,0.0,344.5,0.0,799.5,584.5,0.7311,1,0,0,0
238,2,0,0,1,1,1,0.9878,0.9844,0.9155,0.8936,925.5,344.5,792.0,335.5,886.5,409.5,830.5,403.0,133.803,56.376,0.4213,1,1,230,1
238,2,0,1,1,1,1,0.9907,0.9863,0.9375,0.8965,710.0,284.0,565.5,288.0,638.5,291.5,604.5,285.0,144.5554,34.6157,0.2395,1,1,239,1
239,2,0,0,1,1,1,0.9868,0.9854,0.9087,0.8882,930.0,354.5,786.5,351.5,885.0,415.5,828.5,412.5,143.5314,56.5796,0.3942,1,1,231,1
239,2,0,1,1,1,1,0.9907,0.9844,0.9312,0.894,713.0,283.0,571.0,285.0,634.0,287.5,597.0,285.0,142.0141,37.0844,0.2611,1,1,240,1
240,3,1,0,1,1,1,0.9888,0.9854,0.9209,0.8965,927.5,345.0,792.0,336.0,886.5,418.5,830.0,403.5,135.7986,58.4572,0.4305,1,1,232,1
240,3,1,1,1,1,1,0.9912,0.9854,0.937,0.8931,707.5,282.0,569.5,287.0,637.5,290.5,605.0,285.0,138.0906,32.9621,0.2387,1,1,241,1
240,3,1,55,0,0,1,0.1093,0.1311,0.0434,0.0409,1105.0,0.0,306.25,0.0,971.0,0.0,301.5,0.0,798.75,669.5,0.8382,1,0,0,0
241,2,0,0,1,1,1,0.9883,0.9873,0.9146,0.9082,926.5,345.0,793.0,335.5,886.5,418.0,830.5,403.5,133.8376,57.8468,0.4322,1,1,233,1
241,2,0,1,1,1,1,0.9912,0.9863,0.9424,0.8975,715.5,288.5,572.5,291.0,636.5,291.0,604.0,285.5,143.0219,32.9621,0.2305,1,1,242,1
242,2,0,0,1,1,1,0.9888,0.9863,0.916,0.9004,928.5,350.0,793.0,341.0,887.0,418.0,831.0,404.0,135.7986,57.7235,0.4251,1,1,234,1
242,2,0,1,1,1,1,0.9922,0.9844,0.9414,0.897,713.0,283.0,571.0,282.5,642.5,287.0,596.0,285.0,142.0009,46.543,0.3278,1,1,243,1
243,2,0,0,1,1,1,0.9883,0.9858,0.917,0.9019,929.5,349.5,793.0,342.0,888.0,409.5,830.0,403.5,136.7059,58.3095,0.4265,1,1,235,1
243,2,0,1,1,1,1,0.9897,0.9873,0.9326,0.9097,712.0,287.0,574.5,292.0,639.5,281.5,602.5,285.0,137.5909,37.1652,0.2701,1,1,244,1
244,2,0,0,1,1,1,0.9902,0.9858,0.9282,0.9009,926.5,350.0,791.5,340.5,886.5,409.5,830.5,403.0,135.3338,56.376,0.4166,1,1,236,1
244,2,0,1,1,1,1,0.9907,0.9868,0.9365,0.9043,709.0,278.5,562.5,283.0,640.0,282.0,596.0,293.5,146.5691,45.478,0.3103,1,1,245,1
245,2,0,0,1,1,1,0.9897,0.9849,0.9268,0.8965,926.5,350.5,788.5,342.0,886.5,419.0,831.0,404.0,138.2615,57.4913,0.4158,1,1,237,1
245,2,0,1,1,1,1,0.9907,0.9863,0.9438,0.9077,717.0,277.0,570.0,281.0,645.0,286.0,601.0,287.5,147.0544,44.0256,0.2994,1,1,246,1
246,2,0,0,1,1,1,0.9893,0.9863,0.9141,0.8975,930.5,345.0,792.0,336.0,887.5,418.0,830.5,403.5,138.7921,58.8154,0.4238,1,1,238,1
246,2,0,1,1,1,1,0.9897,0.9878,0.9326,0.9097,716.0,283.0,573.0,287.0,638.5,280.5,604.0,284.0,143.0559,34.6771,0.2424,1,1,247,1
247,3,1,0,1,1,1,0.9844,0.9863,0.8979,0.8999,934.0,354.0,789.5,349.5,884.5,416.0,829.0,413.0,144.5701,55.581,0.3845,1,1,239,1
247,3,1,1,1,1,1,0.9897,0.9878,0.9336,0.9111,715.5,281.0,568.5,282.5,637.0,291.0,595.0,293.5,147.0077,42.0743,0.2862,1,1,248,1
247,3,1,56,0,0,1,0.1163,0.1504,0.0439,0.0455,1032.0,0.0,238.25,0.0,926.0,0.0,242.0,0.0,793.75,684.0,0.8617,1,0,0,0
248,3,1,0,1,1,1,0.9863,0.9883,0.9019,0.9058,928.0,356.0,789.0,353.0,884.0,415.0,829.0,413.0,139.0324,55.0364,0.3959,1,1,240,1
248,3,1,1,1,1,1,0.9917,0.9863,0.9331,0.9028,714.5,283.5,570.5,283.0,635.0,287.5,605.5,285.0,144.0009,29.6057,0.2056,1,1,249,1
248,3,1,56,0,0,1,0.1002,0.1423,0.0515,0.0569,1024.0,0.0,255.75,0.0,917.0,0.0,276.25,0.0,768.25,640.75,0.834,1,0,0,0
249,3,1,0,1,1,1,0.9893,0.9854,0.9204,0.8975,928.0,350.5,790.5,341.0,886.5,418.5,831.0,394.5,137.8278,60.4669,0.4387,1,1,241,1
249,3,1,1,1,1,1,0.9907,0.9863,0.9404,0.9048,706.5,278.5,572.5,281.0,638.0,281.5,595.5,283.5,134.0233,42.547,0.3175,1,1,250,1
249,3,1,56,0,0,1,0.0993,0.1714,0.0402,0.0569,1051.0,0.0,261.75,0.0,945.5,0.0,246.75,0.0,789.25,698.75,0.8853,1,0,0,0
250,3,1,0,1,1,1,0.9902,0.9854,0.9287,0.9023,926.5,350.5,791.5,340.5,886.0,418.0,831.5,395.0,135.3699,59.1545,0.437,1,1,242,1
250,3,1,1,1,1,1,0.9927,0.9839,0.9424,0.8867,715.0,283.0,570.5,285.5,634.5,287.5,605.0,285.5,144.5216,29.5677,0.2046,1,1,251,1
250,3,1,56,0,0,1,0.1097,0.1669,0.0471,0.0613,1024.0,0.0,248.5,0.0,925.0,0.0,260.25,0.0,775.5,664.75,0.8572,1,0,0,0
251,2,0,0,1,1,1,0.9883,0.9863,0.9155,0.9058,924.0,343.5,789.5,335.0,887.0,400.5,831.0,402.0,134.7683,56.0201,0.4157,1,1,243,1
251,2,0,1,1,1,1,0.9912,0.9854,0.9429,0.8975,715.5,284.0,571.5,286.5,636.5,282.0,595.5,284.5,144.0217,41.0761,0.2852,1,1,252,1
252,2,0,0,1,1,1,0.9893,0.9849,0.9233,0.8975,929.5,344.0,788.5,336.5,885.5,401.0,831.0,402.5,141.1993,54.5206,0.3861,1,1,244,1
252,2,0,1,1,1,1,0.9912,0.9858,0.9438,0.9014,715.0,284.5,575.5,286.5,637.0,291.0,603.0,285.5,139.5143,34.442,0.2469,1,1,253,1
253,3,1,0,1,1,1,0.9863,0.9893,0.8984,0.9106,932.0,349.5,787.5,344.5,883.5,415.0,829.5,413.0,144.5865,54.037,0.3737,1,1,245,1
253,3,1,1,1,1,1,0.9897,0.9868,0.9355,0.9058,719.5,284.0,572.5,287.5,637.5,291.0,603.5,286.0,147.0417,34.3657,0.2337,1,1,254,1
253,3,1,57,0,0,1,0.1061,0.1278,0.041,0.0425,1104.0,0.0,322.75,0.0,945.0,0.0,398.5,0.0,781.25,546.5,0.6995,1,0,0,0
254,2,0,0,1,1,1,0.9893,0.9863,0.9219,0.9087,927.0,350.5,789.0,341.0,887.0,418.5,830.5,403.5,138.3266,58.4572,0.4226,1,1,246,1
254,2,0,1,1,1,1,0.9907,0.9863,0.9395,0.9033,713.5,283.5,576.0,286.5,647.0,282.0,595.0,293.5,137.5327,53.2565,0.3872,1,1,255,1
255,3,1,0,1,1,1,0.9888,0.9868,0.9131,0.9067,925.5,352.0,787.0,340.5,887.5,409.0,831.5,393.5,138.9766,58.1055,0.4181,1,1,247,1
255,3,1,1,1,1,1,0.9912,0.9844,0.9365,0.897,714.0,283.0,571.5,285.5,642.5,288.0,605.5,295.0,142.5219,37.6563,0.2642,1,1,256,1
255,3,1,58,0,0,1,0.0847,0.1365,0.0405,0.0558,1029.0,0.0,263.0,0.0,913.0,0.0,278.25,0.0,766.0,634.75,0.8287,1,0,0,0
256,2,0,0,1,1,1,0.9888,0.9849,0.9165,0.8984,923.5,349.5,789.5,340.5,886.5,409.0,832.0,394.0,134.3019,56.5265,0.4209,1,1,248,1
256,2,0,1,1,1,1,0.9902,0.9868,0.937,0.9092,717.5,280.0,577.0,283.0,637.5,290.0,603.5,295.0,140.532,34.3657,0.2445,1,1,257,1
257,3,1,0,1,1,1,0.9902,0.9849,0.9272,0.8931,927.0,344.0,791.0,335.0,887.0,400.5,830.5,402.5,136.2975,56.5354,0.4148,1,1,249,1
257,3,1,1,1,1,1,0.9907,0.9868,0.9404,0.9053,715.5,283.5,577.0,286.5,637.0,282.0,603.0,293.5,138.5325,35.8922,0.2591,1,1,258,1
257,3,1,59,0,0,1,0.1086,0.1605,0.0479,0.0522,1108.0,0.0,310.25,0.0,977.5,0.0,327.5,0.0,797.75,650.0,0.8148,1,0,0,0
258,3,1,0,1,1,1,0.9907,0.9844,0.9351,0.8984,929.5,349.0,786.5,341.0,885.5,400.5,831.5,393.5,143.2236,54.4518,0.3802,1,1,250,1
258,3,1,1,1,1,1,0.9917,0.9849,0.9346,0.8945,716.5,281.5,574.5,281.0,633.5,288.0,605.0,294.0,142.0009,29.1247,0.2051,1,1,259,1
258,3,1,59,0,0,1,0.1003,0.1377,0.052,0.0553,1093.0,0.0,327.0,0.0,955.0,0.0,328.75,0.0,766.0,626.25,0.8176,1,0,0,0
259,3,1,0,1,1,1,0.9883,0.9844,0.9189,0.897,930.0,349.5,790.5,341.0,885.5,401.0,830.0,403.0,139.7587,55.536,0.3974,1,1,251,1
259,3,1,1,1,1,1,0.9917,0.9834,0.9404,0.8921,716.0,281.5,573.0,280.5,642.0,287.0,606.0,294.5,143.0035,36.773,0.2571,1,1,260,1
259,3,1,59,0,0,1,0.0959,0.15,0.0433,0.0583,1052.0,0.0,249.75,0.0,929.5,0.0,240.5,0.0,802.25,689.0,0.8588,1,0,0,0
260,3,1,0,1,1,1,0.9888,0.9858,0.9214,0.9043,924.0,349.0,789.0,341.0,887.0,401.0,830.5,403.0,135.2368,56.5354,0.418,1,1,252,1
260,3,1,1,1,1,1,0.9912,0.9873,0.9429,0.9116,718.0,287.5,579.5,291.5,637.0,290.0,603.5,286.0,138.5577,33.738,0.2435,1,1,261,1
260,3,1,59,0,0,1,0.1011,0.135,0.0394,0.0418,1101.0,0.0,311.75,0.0,979.0,0.0,310.0,0.0,789.25,669.0,0.8476,1,0,0,0
261,3,1,0,1,1,1,0.9893,0.9844,0.9229,0.897,931.0,349.5,791.5,340.0,885.0,400.5,831.5,393.5,139.8231,53.956,0.3859,1,1,253,1
261,3,1,1,1,1,1,0.9917,0.9854,0.9365,0.8984,712.0,281.0,572.5,283.0,643.0,287.5,606.0,295.0,139.5143,37.7525,0.2706,1,1,262,1
261,3,1,59,0,0,1,0.1126,0.1472,0.0449,0.0459,1071.0,0.0,324.5,0.0,953.0,0.0,339.75,0.0,746.5,613.25,0.8215,1,0,0,0
262,2,0,0,1,1,1,0.9854,0.9878,0.9028,0.9072,932.0,346.5,792.5,345.5,883.0,406.5,829.0,412.5,139.5036,54.3323,0.3895,1,1,254,1
262,2,0,1,1,1,1,0.9922,0.9854,0.9395,0.897,711.5,281.0,574.5,280.0,643.0,287.0,606.0,284.5,137.0036,37.0844,0.2707,1,1,263,1
263,3,1,0,1,1,1,0.9897,0.9844,0.9238,0.8945,928.0,343.5,788.5,335.0,886.0,400.5,830.5,402.0,139.7587,55.5203,0.3973,1,1,255,1
263,3,1,1,1,1,1,0.9927,0.9834,0.9414,0.8862,716.5,281.5,573.0,283.0,633.5,288.0,605.0,294.5,143.5078,29.2318,0.2037,1,1,264,1
263,3,1,60,0,0,1,0.1301,0.1443,0.0523,0.0465,1094.0,0.0,307.5,0.0,988.5,0.0,338.0,0.0,786.5,650.5,0.8271,1,0,0,0
264,2,0,0,1,1,1,0.9883,0.9849,0.9185,0.8984,929.0,349.0,786.0,341.0,885.5,400.5,831.0,393.0,143.2236,55.0136,0.3841,1,1,256,1
264,2,0,1,1,1,1,0.9917,0.9854,0.9351,0.8975,712.5,280.5,575.0,283.0,634.5,287.0,605.5,285.0,137.5227,29.0689,0.2114,1,1,265,1
265,2,0,0,1,1,1,0.9878,0.9868,0.916,0.9082,926.5,349.5,792.5,341.0,886.5,400.5,830.5,393.5,134.2693,56.4358,0.4203,1,1,257,1
265,2,0,1,1,1,1,0.9897,0.9863,0.9326,0.8989,717.0,284.5,575.5,286.5,636.5,291.0,603.0,285.5,141.5141,33.9485,0.2399,1,1,266,1
266,2,0,0,1,1,1,0.9893,0.9849,0.9233,0.8989,922.5,349.0,790.0,341.0,886.5,401.0,831.5,394.0,132.7413,55.4437,0.4177,1,1,258,1
266,2,0,1,1,1,1,0.9888,0.9868,0.9351,0.9126,709.5,279.5,575.5,282.0,646.5,281.0,604.5,284.5,134.0233,42.1456,0.3145,1,1,267,1
267,2,0,0,1,1,1,0.9897,0.9858,0.9253,0.9028,924.5,349.0,789.5,341.0,886.5,401.0,830.5,402.5,135.2368,56.0201,0.4142,1,1,259,1
267,2,0,1,1,1,1,0.9883,0.9883,0.9282,0.9126,720.5,275.0,566.0,283.0,654.0,288.5,601.0,295.0,154.707,53.3971,0.3451,1,1,268,1
268,3,1,0,1,1,1,0.9897,0.9858,0.9258,0.9038,924.5,349.0,788.0,340.5,895.5,401.5,832.0,393.5,136.7644,64.002,0.468,1,1,260,1
268,3,1,1,1,1,1,0.9922,0.9849,0.939,0.8945,713.0,281.0,574.5,283.0,642.5,287.0,606.0,285.5,138.5144,36.5308,0.2637,1,1,269,1
268,3,1,61,0,0,1,0.1082,0.1484,0.0493,0.0589,1034.0,0.0,244.75,0.0,925.5,0.0,259.5,0.0,789.25,666.0,0.8438,1,0,0,0
269,3,1,0,1,1,1,0.9893,0.9878,0.918,0.9106,929.0,344.0,788.5,335.5,894.5,401.0,830.5,402.5,140.7569,64.0176,0.4548,1,1,261,1
269,3,1,1,1,1,1,0.9907,0.9863,0.9395,0.9033,715.0,284.0,577.0,287.0,645.0,291.5,612.0,295.0,138.0326,33.1851,0.2404,1,1,270,1
269,3,1,61,0,0,1,0.0995,0.124,0.0432,0.0418,1092.0,0.0,309.0,0.0,926.0,0.0,327.0,0.0,783.0,599.0,0.765,1,0,0,0
270,2,0,0,1,1,1,0.9839,0.9863,0.9014,0.9053,931.0,343.0,791.0,339.0,883.0,406.5,829.0,412.5,140.0571,54.3323,0.3879,1,1,262,1
270,2,0,1,1,1,1,0.9897,0.9878,0.9307,0.9077,714.0,280.0,575.0,283.0,637.0,282.0,603.5,284.5,139.0324,33.5932,0.2416,1,1,271,1
271,3,1,0,1,1,1,0.9883,0.9863,0.9165,0.9062,923.5,349.0,789.0,341.0,887.0,401.0,831.0,402.5,134.7377,56.0201,0.4158,1,1,263,1
271,3,1,1,1,1,1,0.9888,0.9878,0.9233,0.9062,717.5,280.5,577.5,283.5,646.0,292.0,603.5,295.0,140.0321,42.6058,0.3043,1,1,272,1
271,3,1,62,0,0,1,0.1091,0.1534,0.0473,0.0575,1105.0,0.0,302.0,0.0,969.5,0.0,319.25,0.0,803.0,650.25,0.8098,1,0,0,0
272,3,1,0,1,1,1,0.9878,0.9863,0.915,0.9053,932.0,349.5,787.5,341.0,894.0,401.5,832.0,394.0,144.7498,62.452,0.4314,1,1,264,1
272,3,1,1,1,1,1,0.9863,0.9878,0.9238,0.9175,715.5,276.0,577.5,280.0,644.5,287.5,601.5,294.5,138.058,43.566,0.3156,1,1,273,1
272,3,1,62,0,0,1,0.0879,0.1047,0.0431,0.043,1085.0,0.0,339.75,0.0,962.0,0.0,356.5,0.0,745.25,605.5,0.8125,1,0,0,0
273,3,1,0,1,1,1,0.9878,0.9849,0.9136,0.9023,928.5,350.0,789.5,341.5,894.0,410.0,831.5,394.5,139.2596,64.3933,0.4624,1,1,265,1
273,3,1,1,1,1,1,0.9902,0.9858,0.9375,0.9004,717.0,283.0,575.0,283.0,646.5,292.0,611.0,295.0,142.0,35.6265,0.2509,1,1,274,1
273,3,1,62,0,0,1,0.0923,0.132,0.04,0.0489,1040.0,0.0,247.25,0.0,913.5,0.0,276.5,0.0,792.75,637.0,0.8035,1,0,0,0
274,3,1,0,1,1,1,0.9883,0.9844,0.9185,0.897,928.0,343.5,790.0,336.0,894.0,401.0,830.5,393.5,138.2037,63.9414,0.4627,1,1,266,1
274,3,1,1,1,1,1,0.9897,0.9873,0.9365,0.9097,716.0,284.5,576.5,287.0,644.5,291.5,603.5,295.0,139.5224,41.1491,0.2949,1,1,275,1
274,3,1,62,0,0,1,0.0871,0.1326,0.0374,0.0429,1093.0,0.0,291.0,0.0,974.0,0.0,293.25,0.0,802.0,680.75,0.8488,1,0,0,0
275,3,1,0,1,1,1,0.9897,0.9863,0.9214,0.9053,928.5,344.0,788.0,336.0,886.0,400.5,830.0,402.5,140.7276,56.0357,0.3982,1,1,267,1
275,3,1,1,1,1,1,0.9897,0.9868,0.9341,0.9053,717.0,286.0,578.5,287.0,646.0,290.5,611.5,296.0,138.5036,34.9357,0.2522,1,1,276,1
275,3,1,62,0,0,1,0.1,0.1301,0.0459,0.0463,1114.0,0.0,307.75,0.0,977.0,0.0,308.0,0.0,806.25,669.0,0.8298,1,0,0,0
276,2,0,0,1,1,1,0.9834,0.9878,0.897,0.9126,931.0,347.0,790.5,340.0,883.5,406.0,829.5,412.5,140.6743,54.3898,0.3866,1,1,268,1
276,2,0,1,1,1,1,0.9907,0.9868,0.9375,0.9019,716.0,287.0,576.0,286.5,637.0,291.0,610.5,286.5,140.0009,26.8794,0.192,1,1,277,1
277,2,0,0,1,1,1,0.9888,0.9868,0.9126,0.9038,930.5,344.5,792.0,335.5,894.0,401.0,830.5,393.5,138.7921,63.9414,0.4607,1,1,269,1
277,2,0,1,1,1,1,0.9907,0.9854,0.9434,0.9023,716.5,278.5,578.5,282.0,645.0,289.0,604.0,285.5,138.0444,41.1491,0.2981,1,1,278,1
278,3,1,0,1,1,1,0.9878,0.9858,0.9141,0.9033,927.5,343.5,786.0,335.5,885.0,400.0,832.0,384.5,141.726,55.22,0.3896,1,1,270,1
278,3,1,1,1,1,1,0.9907,0.9849,0.9297,0.896,712.5,280.5,575.5,283.0,635.0,287.5,614.5,285.5,137.0228,20.5973,0.1503,1,1,279,1
278,3,1,63,0,0,1,0.1146,0.1611,0.0687,0.0743,1112.0,0.0,334.0,0.0,957.0,0.0,308.0,0.0,778.0,649.0,0.8342,1,0,0,0
279,2,0,0,1,1,1,0.9902,0.9844,0.9287,0.8945,928.0,343.5,789.5,336.0,885.5,400.5,830.0,402.5,138.7029,55.536,0.4004,1,1,271,1
279,2,0,1,1,1,1,0.9897,0.9868,0.9365,0.9097,719.0,286.0,580.0,287.0,654.5,290.0,611.5,287.0,139.0036,43.1045,0.3101,1,1,280,1
280,2,0,0,1,1,1,0.9888,0.9873,0.9141,0.9087,932.0,344.5,788.0,335.5,894.0,409.0,832.0,393.5,144.281,63.9081,0.4429,1,1,272,1
280,2,0,1,1,1,1,0.9897,0.9883,0.9326,0.9106,717.0,283.5,575.5,287.0,645.0,282.0,611.0,294.5,141.5433,36.225,0.2559,1,1,281,1
281,2,0,0,1,1,1,0.9888,0.9858,0.9204,0.9053,932.5,349.5,789.0,341.0,894.0,401.0,831.5,394.0,143.7515,62.8908,0.4375,1,1,273,1
281,2,0,1,1,1,1,0.9912,0.9863,0.9429,0.9043,721.0,280.5,580.5,283.0,654.0,291.0,611.5,296.0,140.5222,42.7931,0.3045,1,1,282,1
282,2,0,0,1,1,1,0.9878,0.9854,0.9155,0.9033,929.0,343.0,787.5,336.0,886.5,400.5,831.0,403.0,141.673,55.5563,0.3921,1,1,274,1
282,2,0,1,1,1,1,0.9917,0.9858,0.937,0.9019,717.5,281.5,574.0,283.5,641.5,287.5,605.5,295.0,143.5139,36.773,0.2562,1,1,283,1
283,3,1,0,1,1,1,0.9893,0.9863,0.9248,0.9038,932.5,344.5,788.0,336.5,885.5,400.5,829.5,403.0,144.7213,56.0558,0.3873,1,1,275,1
283,3,1,1,1,1,1,0.9907,0.9839,0.9448,0.8936,720.0,284.0,580.0,287.5,645.0,291.0,611.0,296.5,140.0437,34.442,0.2459,1,1,284,1
283,3,1,64,0,0,1,0.1072,0.1294,0.0494,0.048,1023.5,0.0,258.5,0.0,923.0,0.0,243.5,0.0,765.0,679.5,0.8882,1,0,0,0
284,2,0,0,1,1,1,0.9873,0.9863,0.9126,0.9092,928.0,349.0,788.0,341.0,886.0,401.0,830.5,403.0,140.2284,55.536,0.396,1,1,276,1
284,2,0,1,1,1,1,0.9902,0.9854,0.9429,0.9033,722.0,285.0,581.0,285.5,654.5,291.0,611.0,287.0,141.0009,43.6835,0.3098,1,1,285,1
285,3,1,0,1,1,1,0.9883,0.9839,0.918,0.8926,929.0,348.5,788.0,344.0,885.5,401.0,830.0,403.0,141.0718,55.536,0.3937,1,1,277,1
285,3,1,1,1,1,1,0.9897,0.9868,0.9341,0.9058,721.5,280.0,581.5,284.0,653.5,291.5,604.0,295.0,140.0571,49.6236,0.3543,1,1,286,1
285,3,1,65,0,0,1,0.0916,0.1399,0.046,0.0568,1036.0,0.0,262.75,0.0,887.0,0.0,299.75,0.0,773.25,587.25,0.7595,1,0,0,0
286,2,0,0,1,1,1,0.9893,0.9844,0.9214,0.8936,930.5,344.0,790.5,336.0,885.5,400.5,830.0,402.5,140.2284,55.536,0.396,1,1,278,1
286,2,0,1,1,1,1,0.9902,0.9863,0.9395,0.9067,720.0,282.5,583.0,285.5,644.5,291.5,610.5,286.0,137.0328,34.442,0.2513,1,1,287,1
287,2,0,0,1,1,1,0.9883,0.9863,0.9155,0.9043,929.0,349.5,783.0,341.0,886.0,401.0,831.0,402.5,146.2472,55.0205,0.3762,1,1,279,1
287,2,0,1,1,1,1,0.9902,0.9873,0.9351,0.9087,722.5,282.5,582.0,286.0,654.0,291.0,611.5,287.0,140.5436,42.6878,0.3037,1,1,288,1
288,3,1,0,1,1,1,0.9878,0.9858,0.916,0.9033,928.0,349.0,788.5,341.0,885.5,401.0,830.5,402.5,139.7292,55.0205,0.3938,1,1,280,1
288,3,1,1,1,1,1,0.9902,0.9858,0.9365,0.9009,723.5,287.0,581.5,287.5,654.5,291.0,611.0,287.0,142.0009,43.6835,0.3076,1,1,289,1
288,3,1,66,0,0,1,0.1198,0.1791,0.0456,0.0523,1093.0,0.0,317.25,0.0,951.0,0.0,316.5,0.0,775.75,634.5,0.8179,1,0,0,0
289,2,0,0,1,1,1,0.9893,0.9873,0.9175,0.9097,929.5,344.0,787.5,335.0,886.0,400.5,830.5,402.5,142.2849,55.536,0.3903,1,1,281,1
289,2,0,1,1,1,1,0.9917,0.9849,0.9404,0.9009,715.5,281.0,575.5,284.0,652.5,287.0,604.5,280.0,140.0321,48.5077,0.3464,1,1,290,1
290,2,0,0,1,1,1,0.9888,0.9868,0.9175,0.9102,928.0,344.0,789.0,335.0,885.5,400.0,831.5,393.5,139.2911,54.3898,0.3905,1,1,282,1
290,2,0,1,1,1,1,0.9839,0.9863,0.915,0.9082,724.5,278.0,573.0,287.0,653.0,285.5,608.0,295.0,151.7671,45.9918,0.303,1,1,291,1
291,3,1,0,1,1,1,0.9873,0.9854,0.9111,0.9004,932.0,344.5,790.0,336.0,885.0,408.5,831.5,394.0,142.2542,55.4301,0.3897,1,1,283,1
291,3,1,1,1,1,1,0.9897,0.9858,0.937,0.9004,720.0,280.5,579.5,283.5,653.5,292.0,610.5,295.0,140.532,43.1045,0.3067,1,1,292,1
291,3,1,67,0,0,1,0.1219,0.1597,0.0395,0.0407,1101.0,0.0,310.5,0.0,986.0,0.0,308.75,0.0,790.5,677.25,0.8567,1,0,0,0
292,3,1,0,1,1,1,0.9873,0.9849,0.9131,0.8984,929.0,343.5,791.0,336.0,885.5,400.5,830.0,402.5,138.2037,55.536,0.4018,1,1,284,1
292,3,1,1,1,1,1,0.9912,0.9849,0.9424,0.8911,723.0,279.5,581.5,284.0,653.0,291.0,611.0,286.5,141.5715,42.2404,0.2984,1,1,293,1
292,3,1,67,0,0,1,0.142,0.1747,0.0505,0.0482,1089.0,0.0,302.5,0.0,962.0,0.0,300.5,0.0,786.5,661.5,0.8411,1,0,0,0
293,2,0,0,1,1,1,0.9883,0.9849,0.918,0.8984,925.0,344.0,792.0,335.0,886.5,400.5,831.5,393.5,133.3042,55.4437,0.4159,1,1,285,1
293,2,0,1,1,1,1,0.9917,0.9863,0.9443,0.8984,721.5,282.0,579.5,283.0,653.0,290.5,611.0,286.0,142.0035,42.2404,0.2975,1,1,294,1
294,2,0,0,1,1,1,0.9878,0.9844,0.918,0.8994,931.0,347.5,789.0,339.0,885.5,400.0,831.5,384.5,142.2542,56.1805,0.3949,1,1,286,1
294,2,0,1,1,1,1,0.9912,0.9863,0.9424,0.9019,720.5,280.0,579.5,283.0,653.0,291.0,611.0,285.5,141.0319,42.3586,0.3003,1,1,295,1
295,2,0,0,1,1,1,0.9888,0.9849,0.9185,0.8979,929.0,349.0,783.5,343.0,885.5,401.0,832.0,393.5,145.6237,54.0231,0.371,1,1,287,1
295,2,0,1,1,1,1,0.9917,0.9829,0.9404,0.8887,722.0,275.5,579.0,279.0,659.0,286.5,613.0,289.5,143.0428,46.0977,0.3223,1,1,296,1
296,2,0,0,1,1,1,0.9883,0.9863,0.9165,0.9092,929.0,343.0,790.0,335.0,885.0,399.5,831.0,384.0,139.23,56.1805,0.4035,1,1,288,1
296,2,0,1,1,1,1,0.9927,0.9849,0.9395,0.8911,717.0,278.0,578.5,278.5,660.5,286.5,614.0,280.0,138.5009,46.9521,0.339,1,1,297,1
297,2,0,0,1,1,1,0.9888,0.9854,0.9194,0.9014,923.5,348.5,789.5,340.5,886.5,400.0,831.5,384.5,134.2386,57.1424,0.4257,1,1,289,1
297,2,0,1,1,1,1,0.9922,0.9844,0.9429,0.8955,714.5,278.5,577.0,278.0,653.0,286.5,613.5,289.0,137.5009,39.579,0.2878,1,1,298,1
298,3,1,0,1,1,1,0.9888,0.9858,0.9224,0.9062,928.0,348.5,788.5,343.0,885.5,400.0,831.0,384.5,139.6084,56.6613,0.4059,1,1,290,1
298,3,1,1,1,1,1,0.9917,0.9863,0.9443,0.8979,723.0,277.0,581.0,279.5,652.5,291.5,611.0,295.0,142.022,41.6473,0.2932,1,1,299,1
298,3,1,68,0,0,1,0.1099,0.1449,0.0452,0.0473,1085.0,0.0,328.25,0.0,977.5,0.0,338.25,0.0,756.75,639.25,0.8447,1,0,0,0
299,2,0,0,1,1,1,0.9888,0.9863,0.9194,0.9038,926.5,349.5,791.0,341.0,887.0,401.0,830.5,403.0,135.7663,56.5354,0.4164,1,1,291,1
299,2,0,1,1,1,1,0.9917,0.9858,0.9326,0.895,722.0,287.0,581.5,289.0,651.0,288.5,614.0,295.5,140.5142,37.6563,0.268,1,1,300,1
